绽放战疫青春 坚定制度自信,http://www.hzau.edu.cn/info/1062/10828.htm,,2020-04-30,['http://www.hzau.edu.cn//__local/9/2C/63/017CEFACBC85CAC2A1BF94BDD5E_F8DB472C_39E11.jpg']
贫困梯度蜕变与创新贫困治理,http://www.hzau.edu.cn/info/1062/10826.htm,[开道讲坛],2020-04-30,['http://www.hzau.edu.cn//__local/F/F2/0F/0958433BFE504831AECB8D7329A_E109A020_466E8.jpg']
十大青年岗位能手分享会,http://www.hzau.edu.cn/info/1062/10824.htm,[青年教工茶话会],2020-04-29,['http://www.hzau.edu.cn//__local/2/4F/C1/7CD87E4882674B3095DDEA1B2B2_BCE9BC49_18ACC.jpg']
食品功能性成分递送体系及其在功能食品开发中的应用,http://www.hzau.edu.cn/info/1062/10820.htm,[南湖食育大讲堂],2020-04-29,['http://www.hzau.edu.cn//__local/3/14/75/A8A8F0476466ADB12C04DA7A0D0_52C4F009_2348A.jpg']
《反杜林论》导读,http://www.hzau.edu.cn/info/1062/10819.htm,[经典读书会],2020-04-29,['http://www.hzau.edu.cn//__local/2/4B/53/C9F98FB4831534051BE40C9F30C_1B679AEB_2BF8A.jpg']
青年歌剧演员——我们那些事,http://www.hzau.edu.cn/info/1062/10818.htm,[狮子山艺术讲堂],2020-04-29,['http://www.hzau.edu.cn//__local/E/05/BB/EE4D6F5FDEA9E02737774FED4D3_A66A606F_22051.jpg']
《大同世界》——新帝国时代的共产主义展望,http://www.hzau.edu.cn/info/1062/10817.htm,[经典读书会],2020-04-29,['http://www.hzau.edu.cn//__local/9/AB/C0/268C0E54FD067EF89AC70D41FEE_4807099D_3EBD0.jpg']
间歇性热量限制干预糖尿病和免疫性疾病,http://www.hzau.edu.cn/info/1062/10816.htm,[生物医学学术报告],2020-04-29,['http://www.hzau.edu.cn//__local/5/B4/1F/6999509327FC65D8FC01103807B_900DA27A_25F52.jpg']
2020五四青年节优秀大学生分享会,http://www.hzau.edu.cn/info/1062/10803.htm,[校团委],2020-04-27,['http://www.hzau.edu.cn//__local/7/10/AB/3EFA22738B41FE6799CD51AF6C2_F6413F9D_22E6C.jpg']
兽用抗生素微生物降解机理研究进展,http://www.hzau.edu.cn/info/1062/10802.htm,[微生物学前沿论坛],2020-04-27,['http://www.hzau.edu.cn//__local/C/9F/67/C7E2A4B2A29995575F6564F1F0E_8EF73EE0_21535.jpg']
论文写作技巧——如何巧用中文写英文论文,http://www.hzau.edu.cn/info/1062/10801.htm,[达尊讲坛],2020-04-27,['http://www.hzau.edu.cn//__local/3/21/2E/FCCDDCABF25E45550196B4B43C7_CE00FB5F_1F1F9.jpg']
食品热加工过程中淀粉与脂质等组分互作对其消化和发酵性质的影响,http://www.hzau.edu.cn/info/1062/10800.htm,[食科云讲堂],2020-04-27,['http://www.hzau.edu.cn//__local/2/55/55/42B9B466B44D4965D5264D45C99_9D94ADC1_20EB3.jpg']
利用番茄作为模式生物对植物基因沉默及表现遗传学的研究,http://www.hzau.edu.cn/info/1062/10799.htm,[园艺讲堂],2020-04-27,['http://www.hzau.edu.cn//__local/0/D9/A1/944B110F1EBA5F8F79379BDA6A7_92E9EC9A_2A058.jpg']
思政课程与课程思政同向同行,http://www.hzau.edu.cn/info/1062/10795.htm,[本科生院],2020-04-26,['http://www.hzau.edu.cn//__local/3/35/30/B29A44B23C2170AB36477814077_FE8A2624_247F2.jpg']
多平台沉浸式教学探索——《高级社会工作实务》云课堂实践,http://www.hzau.edu.cn/info/1062/10794.htm,[研究生院 文法学院],2020-04-26,['http://www.hzau.edu.cn//__local/4/D9/C9/5B84E6D19D1F19CD0B35535B0CE_977BEED3_178F4.jpg']
拟态蝴蝶的物种形成和适应性演化,http://www.hzau.edu.cn/info/1062/10793.htm,[分子生物学前沿论坛],2020-04-26,['http://www.hzau.edu.cn//__local/8/4A/F2/E1203612B71DF3C678865E64B08_6A8E1DB1_21911.jpg']
微流控技术与应用培训班,http://www.hzau.edu.cn/info/1062/10792.htm,,2020-04-26,['http://www.hzau.edu.cn//__local/2/91/83/5831FBA5184B8C63E237ACE9F3F_8BFA216B_25FC0.jpg']
水域生态牧场建设现状与展望,http://www.hzau.edu.cn/info/1062/10791.htm,[水产新视界],2020-04-26,['http://www.hzau.edu.cn//__local/F/8A/A2/C13B94258D57C3C8FA5B5FB334D_58305C04_35848.jpg']
哲学与杠精——哲学家们在表达什么,http://www.hzau.edu.cn/info/1062/10781.htm,[狮子山讲坛],2020-04-25,['http://www.hzau.edu.cn//__local/D/64/1F/F8CF5576D56884A155D7691F503_717D6ED9_1E99E.jpg']
生物环保饲料的设计、研发与应用,http://www.hzau.edu.cn/info/1062/10767.htm,[“创新、创造、创业”高端论坛],2020-04-23,['http://www.hzau.edu.cn//__local/A/BF/01/2BBB79DDF9FE82E71881E099BDD_6C53664D_236D7.jpg']
新冠肺炎防疫措施与体会,http://www.hzau.edu.cn/info/1062/10766.htm,[教授红讲堂],2020-04-23,['http://www.hzau.edu.cn//__local/2/AF/F2/288589B50E2E0248B63A698B645_345BF302_2C6B0.jpg']
农业技术与知识产权（IP）——如何运用知识产权掌握农业未来,http://www.hzau.edu.cn/info/1062/10762.htm,[狮子山法学讲坛],2020-04-23,['http://www.hzau.edu.cn//__local/F/A2/C2/03E914C2F3B300BFD73FAA6E486_F28D5B76_1F0C0.jpg']
中国社会阶层结构的变革与国家治理体系的创新,http://www.hzau.edu.cn/info/1062/10761.htm,[开道讲坛],2020-04-23,['http://www.hzau.edu.cn//__local/C/E9/EE/9D1E2E3A7B085E5612F9822D229_9C89F9E7_434FC.jpg']
《园艺研究》办刊经验分享会,http://www.hzau.edu.cn/info/1062/10756.htm,,2020-04-22,['http://www.hzau.edu.cn//__local/F/05/EF/4D9C32040654E28398A7B272856_C7505CFE_54202.jpg']
不变的匠心——从音符到音乐 从脚踏实地到仰望星空,http://www.hzau.edu.cn/info/1062/10755.htm,[狮子山艺术讲堂],2020-04-22,['http://www.hzau.edu.cn//__local/9/F4/53/6763083F90C7749B3AD52A565EF_D2B3F7B2_1C7C0.jpg']
植物微生物组与植物健康,http://www.hzau.edu.cn/../info/1062/10753.htm,[植物保护高端讲坛],2020-04-22,[]
“创新、创造、创业”高端论坛（第162-164期）,http://www.hzau.edu.cn/../info/1062/10752.htm,[动物科学技术学院 动物医学院],2020-04-22,[]
让学位论文（设计）更出彩——如何撰写高质量文献综述,http://www.hzau.edu.cn/../info/1062/10741.htm,[本科生院 理学院],2020-04-21,[]
环糊精制备的酶学基础研究,http://www.hzau.edu.cn/../info/1062/10736.htm,[食科云讲堂],2020-04-20,[]
新时代志愿服务项目设计,http://www.hzau.edu.cn/../info/1062/10734.htm,[狮子山公益讲堂],2020-04-20,[]
2020狮山读书节,http://www.hzau.edu.cn/../info/1062/10732.htm,,2020-04-19,[]
华中农业大学-奥本大学 博士联合培养项目招生宣讲会,http://www.hzau.edu.cn/../info/1062/10722.htm,[国际合作与交流部 研究生院],2020-04-17,[]
瘟疫对人类社会和人的影响——读四本书有感,http://www.hzau.edu.cn/../info/1062/10721.htm,[精工讲坛],2020-04-17,[]
高通量测序及宏基因组分析揭示未培养微生物及其潜在功能,http://www.hzau.edu.cn/../info/1062/10714.htm,[微生物学前沿论坛],2020-04-17,[]
2020信息嘉年华线上启动仪式,http://www.hzau.edu.cn/../info/1062/10713.htm,[信息学院],2020-04-17,[]
光合作用光能利用效率,http://www.hzau.edu.cn/../info/1062/10712.htm,[微生物学前沿论坛],2020-04-16,[]
从头设计多次跨膜螺旋蛋白质,http://www.hzau.edu.cn/../info/1062/10711.htm,[分子生物学前沿论坛],2020-04-16,[]
《阳光灿烂》主创团队交流会,http://www.hzau.edu.cn/../info/1062/10701.htm,[狮子山艺术讲堂],2020-04-16,[]
决策规则为何变化——广东下围案例分析,http://www.hzau.edu.cn/../info/1062/10699.htm,[狮子山社会学讲坛],2020-04-15,[]
从疫情防控看中国制度优势及治理体系与能力的现代化建设,http://www.hzau.edu.cn/../info/1062/10698.htm,[开道讲坛],2020-04-15,[]
新文科实例：数字人文时代古典文学研究的可视化与智能化,http://www.hzau.edu.cn/../info/1062/10697.htm,[狮子山国学讲坛],2020-04-15,[]
“创新、创造、创业”高端论坛（第161期）,http://www.hzau.edu.cn/../info/1062/10693.htm,[动物科学技术学院 动物医学院],2020-04-14,[]
我国渔业科技研究热点及国际合作的战略思考,http://www.hzau.edu.cn/../info/1062/10684.htm,[水产讲坛],2020-04-13,[]
“文化抗‘疫’，安顿身心”系列研讨会,http://www.hzau.edu.cn/../info/1062/10683.htm,[马克思主义学院 文法学院],2020-04-13,[]
集体建设用地市场实践：产权残缺与价格偏差,http://www.hzau.edu.cn/../info/1062/10679.htm,[公共管理论坛],2020-04-10,[]
从阅读中汲取智慧,http://www.hzau.edu.cn/../info/1062/10676.htm,[精工讲坛],2020-04-10,[]
享受歌剧的舞台,http://www.hzau.edu.cn/../info/1062/10662.htm,[狮子山艺术讲堂],2020-04-07,[]
美·境——闲话校园审美,http://www.hzau.edu.cn/../info/1062/10661.htm,[干部大讲堂],2020-04-07,[]
色彩设计的前世与今生,http://www.hzau.edu.cn/../info/1062/10655.htm,[狮子山艺术设计讲坛],2020-04-06,[]
数字化转型下的新营销与新零售,http://www.hzau.edu.cn/../info/1062/10654.htm,[狮子山传播学讲坛  ​],2020-04-06,[]
单位研究与中国研究,http://www.hzau.edu.cn/../info/1062/10653.htm,[狮子山社会学讲坛],2020-04-06,[]
多尺度数据、机器学习与农业政策研究,http://www.hzau.edu.cn/../info/1062/10648.htm,[达尊讲坛],2020-04-04,[]
聆听与感受——浅谈合唱艺术的魅力,http://www.hzau.edu.cn/../info/1062/10623.htm,[狮子山艺术讲堂],2020-04-02,[]
“创新、创造、创业”高端论坛,http://www.hzau.edu.cn/../info/1062/10621.htm,[动物科学技术学院 动物医学院],2020-04-01,[]
千问计划——疫情下的生命科学思考,http://www.hzau.edu.cn/../info/1062/10612.htm,[生命科学技术学院],2020-04-01,[]
疫情防控的社会治理,http://www.hzau.edu.cn/../info/1062/10604.htm,[狮子山社会学讲坛],2020-03-31,[]
闲云柳境,http://www.hzau.edu.cn/../info/1062/10603.htm,[景园学堂],2020-03-31,[]
课程思政建设的两个基本问题,http://www.hzau.edu.cn/../info/1062/10602.htm,[本科生院],2020-03-31,[]
为什么选择？坚持党的领导的内在逻辑,http://www.hzau.edu.cn/../info/1062/10599.htm,[耕读中国思政公开课],2020-03-31,[]
如何寻找科学问题,http://www.hzau.edu.cn/../info/1062/10596.htm,[达尊讲坛],2020-03-30,[]
生活，艺术与鱼,http://www.hzau.edu.cn/../info/1062/10592.htm,[水产学院],2020-03-30,[]
“创新、创造、创业”高端论坛（第156-157期）,http://www.hzau.edu.cn/../info/1062/10591.htm,[动物科学技术学院 动物医学院],2020-03-29,[]
整合生物学前沿论坛（第36期）,http://www.hzau.edu.cn/../info/1062/10581.htm,[生命科学技术学院 生物医学与健康学院],2020-03-28,[]
平凡的“声活”,http://www.hzau.edu.cn/../info/1062/10567.htm,[狮子山艺术讲堂],2020-03-26,[]
“创新、创造、创业”高端论坛（第153-155期）,http://www.hzau.edu.cn/../info/1062/10563.htm,[动物科学技术学院 动物医学院],2020-03-25,[]
未成曲调先有情——朗诵艺术浅谈,http://www.hzau.edu.cn/../info/1062/10527.htm,[狮子山艺术讲堂],2020-03-19,[]
云赏狮山春——华中农业大学在线校园踏青赏花,http://www.hzau.edu.cn/../info/1062/10504.htm,,2020-03-17,[]
中央歌剧院为华中农大师生开设空中艺术课堂,http://www.hzau.edu.cn/../info/1062/10478.htm,,2020-03-12,[]
疫情防控时期教师在线教学系列培训,http://www.hzau.edu.cn/../info/1062/10455.htm,[人力资源部 教师发展中心 本科生院],2020-03-10,[]
关于做好2020年春季学期延期开学期间本科生教育教学活动的通知,http://www.hzau.edu.cn/../info/1062/10211.htm,[本科生院],2020-01-31,[]
水产学院第五届青年教师发展论坛,http://www.hzau.edu.cn/../info/1062/10115.htm,,2020-01-11,[]
动科动医学院第三届寒假学术交流会,http://www.hzau.edu.cn/../info/1062/10111.htm,[动物科学技术学院 动物医学院],2020-01-10,[]
“创新、创造、创业”高端论坛（第150-152期）,http://www.hzau.edu.cn/../info/1062/10106.htm,[动物科学技术学院 动物医学院],2020-01-09,[]
华农“五老”团队写百联送百福,http://www.hzau.edu.cn/../info/1062/10092.htm,,2020-01-07,[]
病毒的遗传进化和新发突发传染病的再认识,http://www.hzau.edu.cn/../info/1062/10087.htm,[生物医学学术报告],2020-01-06,[]
2019年教学质量优秀一等奖评选会,http://www.hzau.edu.cn/../info/1062/10083.htm,[本科生院],2020-01-06,[]
第十七届研究生指导教师教书育人奖评选,http://www.hzau.edu.cn/../info/1062/10082.htm,[研究生院],2020-01-06,[]
灵芝生理活性物质研究及产品研发,http://www.hzau.edu.cn/../info/1062/10071.htm,[作物科学高端讲坛],2020-01-04,[]
专题报告会：时代楷模——朱有勇,http://www.hzau.edu.cn/../info/1062/10065.htm,[中共华中农业大学委员会],2020-01-03,[]
微流控技术与应用培训班（第1期）,http://www.hzau.edu.cn/../info/1062/10064.htm,,2020-01-03,[]
第一届全国油菜生物学学术研讨会,http://www.hzau.edu.cn/../info/1062/10049.htm,[植物科学技术学院],2020-01-02,[]
反刍动物微生物组与宿主互作研究进展,http://www.hzau.edu.cn/../info/1062/10031.htm,[“创新、创造、创业”高端论坛],2019-12-28,[]
2019年达尊青年教师学术论坛,http://www.hzau.edu.cn/../info/1062/10018.htm,[经济管理学院],2019-12-26,[]
韩国文化展示活动,http://www.hzau.edu.cn/../info/1062/10014.htm,[国际合作与交流部],2019-12-26,[]
2020狮山欢乐节,http://www.hzau.edu.cn/../info/1062/10010.htm,[华中农业大学],2019-12-25,[]
2019冬季学位授予仪式,http://www.hzau.edu.cn/../info/1062/10001.htm,[研究生院],2019-12-24,[]
分子生物学前沿论坛（第21期）,http://www.hzau.edu.cn/../info/1062/10000.htm,[生命科学技术学院],2019-12-24,[]
华中农业大学思想政治理论课实践教学作品展,http://www.hzau.edu.cn/../info/1062/9999.htm,[马克思主义学院],2019-12-24,[]
微生物学前沿论坛（第118期）,http://www.hzau.edu.cn/../info/1062/9992.htm,,2019-12-24,[]
从编辑视角谈学术论文写作的基本要素,http://www.hzau.edu.cn/../info/1062/9991.htm,[本科生院],2019-12-24,[]
科学论文：“遭遇”与“看见”,http://www.hzau.edu.cn/../info/1062/9984.htm,[作物科学高端论坛],2019-12-23,[]
园艺讲堂（69-72期）,http://www.hzau.edu.cn/../info/1062/9978.htm,[园艺植物生物学教育部重点实验室],2019-12-20,[]
农业机器人研究现状及发展趋势,http://www.hzau.edu.cn/../info/1062/9975.htm,[工学院],2019-12-20,[]
“思政课程”与“课程思政”示范建设项目结题验收,http://www.hzau.edu.cn/../info/1062/9970.htm,[本科生院],2019-12-19,[]
土壤生物学前沿,http://www.hzau.edu.cn/../info/1062/9969.htm,[绿博讲坛],2019-12-19,[]
教授红讲堂：潜心为学 初心为国,http://www.hzau.edu.cn/../info/1062/9964.htm,[生命科学技术学院],2019-12-19,[]
探索与发现：细菌超抗原毒素的分子多样性与生物学多功能性研究,http://www.hzau.edu.cn/../info/1062/9963.htm,[“创新、创造、创业”高端论坛],2019-12-19,[]
可见-近红外反射光谱技术在土壤监测中的应用,http://www.hzau.edu.cn/../info/1062/9962.htm,[绿博讲坛],2019-12-19,[]
新年音乐会,http://www.hzau.edu.cn/../info/1062/9961.htm,,2019-12-19,[]
第十八届“校长杯”大学生英语竞赛决赛,http://www.hzau.edu.cn/../info/1062/9959.htm,[本科生院 校团委 外国语学院],2019-12-18,[]
泥与火的赞歌——陶艺文化交流会,http://www.hzau.edu.cn/../info/1062/9947.htm,[狮山文谷],2019-12-16,[]
胞内寄生初窥:寄生性真核生物在胞内的生存策略,http://www.hzau.edu.cn/../info/1062/9946.htm,[“创新、创造、创业”高端论坛（第146期）],2019-12-16,[]
和诗以筝 经典相承——中国古筝艺术的传承与创新,http://www.hzau.edu.cn/../info/1062/9945.htm,[狮子山艺术讲堂],2019-12-16,[]
β-葡萄糖苷酶的葡萄糖耐受机制,http://www.hzau.edu.cn/../info/1062/9944.htm,[生命科学技术学院],2019-12-16,[]
英国卡迪夫大学项目宣讲会,http://www.hzau.edu.cn/../info/1062/9932.htm,[国际合作与交流部],2019-12-15,[]
华中农业大学&英国卡迪夫大学国际学术工作坊：工程技术在农业与生物医学领域的应用,http://www.hzau.edu.cn/../info/1062/9931.htm,[国际合作与交流部],2019-12-15,[]
植物资源高效利用解析,http://www.hzau.edu.cn/../info/1062/9925.htm,[绿博讲坛],2019-12-15,[]
中国历代农林文献集成——“中华农业文明大讲坛”之开篇书展,http://www.hzau.edu.cn/../info/1062/9924.htm,[图书馆],2019-12-15,[]
合成生物学：对生命系统的理性改造,http://www.hzau.edu.cn/../info/1062/9912.htm,[生命科学技术学院],2019-12-12,[]
第十届“生命科学在华农”学术年会,http://www.hzau.edu.cn/../info/1062/9911.htm,[生命科学技术学院],2019-12-12,[]
海外学习项目宣讲会——英国牛津大学奥利尔学院,http://www.hzau.edu.cn/../info/1062/9905.htm,[国际合作与交流部],2019-12-11,[]
社科研究及论文选题,http://www.hzau.edu.cn/../info/1062/9901.htm,[达尊讲坛],2019-12-11,[]
走进非洲祖鲁音乐舞蹈剧《INALA》艺术交流班,http://www.hzau.edu.cn/../info/1062/9900.htm,[狮子山艺术讲堂],2019-12-11,[]
鳞翅目害虫嗅觉识别分子机制,http://www.hzau.edu.cn/../info/1062/9894.htm,[植物保护高端论坛],2019-12-10,[]
悖论：思维的魔方,http://www.hzau.edu.cn/../info/1062/9871.htm,[狮子山讲坛],2019-12-06,[]
生物医学与健康学院第一届学术委员会成立暨生物医学与健康学科发展研讨会,http://www.hzau.edu.cn/../info/1062/9870.htm,,2019-12-06,[]
微管参与调控陆生植物的适应性,http://www.hzau.edu.cn/../info/1062/9865.htm,[园艺植物生物学教育部重点实验室],2019-12-05,[]
武汉室内乐团音乐会,http://www.hzau.edu.cn/../info/1062/9859.htm,[狮子山艺苑],2019-12-04,[]
第二届武汉·南湖作物学和植物保护博士生论坛,http://www.hzau.edu.cn/../info/1062/9858.htm,[植物科学技术学院],2019-12-04,[]
本科生党员“不忘初心、牢记使命”微党课大赛决赛,http://www.hzau.edu.cn/../info/1062/9853.htm,[党委组织部 本科生院],2019-12-03,[]
能源革命背景下我国电力市场体制机制改革研究框架,http://www.hzau.edu.cn/../info/1062/9852.htm,[达尊讲坛],2019-12-03,[]
“创新、创造、创业”高端论坛（第143、144期）,http://www.hzau.edu.cn/../info/1062/9851.htm,[动科动医学院],2019-12-03,[]
活出生命中的价值与美好,http://www.hzau.edu.cn/../info/1062/9834.htm,[狮子山艺术讲堂],2019-12-02,[]
动科动医学院研究生学术年会专家报告会,http://www.hzau.edu.cn/../info/1062/9828.htm,[“创新、创造、创业”高端论坛],2019-11-29,[]
校友一席谈（第十四期）,http://www.hzau.edu.cn/../info/1062/9827.htm,[生命科学技术学院],2019-11-29,[]
“对话青年榜样，共铸美好未来”2019年研究生学术年会青年论坛,http://www.hzau.edu.cn/../info/1062/9826.htm,[园艺林学学院],2019-11-29,[]
达尊讲坛（第329-335期）,http://www.hzau.edu.cn/../info/1062/9819.htm,[经济管理学院],2019-11-29,[]
2019年资源环境全国优秀博士生学术论坛,http://www.hzau.edu.cn/../info/1062/9818.htm,[资源与环境学院],2019-11-29,[]
生物医学与健康联合实验室建设研讨会,http://www.hzau.edu.cn/../info/1062/9807.htm,[华中农业大学-卡迪夫大学],2019-11-28,[]
水稻重要基因克隆及育种利用研究,http://www.hzau.edu.cn/../info/1062/9806.htm,[植物科学技术学院],2019-11-28,[]
2019年工学院研究生学术年会,http://www.hzau.edu.cn/../info/1062/9805.htm,[工学院],2019-11-28,[]
植物根干细胞维持、细胞分化和模式形成的机制,http://www.hzau.edu.cn/../info/1062/9804.htm,[生命科学技术学院],2019-11-28,[]
2019农业大数据研讨会,http://www.hzau.edu.cn/../info/1062/9803.htm,[信息技术学院],2019-11-28,[]
英国哈珀·亚当斯大学研究生项目宣讲会,http://www.hzau.edu.cn/../info/1062/9799.htm,[国际合作与交流部],2019-11-27,[]
植物营养调控研究进展,http://www.hzau.edu.cn/../info/1062/9798.htm,[绿博讲坛（197期）],2019-11-27,[]
酸奶DIY创新大赛决赛,http://www.hzau.edu.cn/../info/1062/9797.htm,[食品科学技术学院],2019-11-27,[]
达尊讲坛（第327期）,http://www.hzau.edu.cn/../info/1062/9795.htm,[经济管理学院],2019-11-26,[]
与祖国同行 为人民奉献——本禹志愿服务队照片展,http://www.hzau.edu.cn/../info/1062/9794.htm,[校团委],2019-11-26,[]
舞动青春——校园舞蹈大赛,http://www.hzau.edu.cn/../info/1062/9791.htm,[校团委],2019-11-26,[]
社会媒体大数据的采集、分析与可视化,http://www.hzau.edu.cn/../info/1062/9790.htm,[宏观农业研究院（MARI）],2019-11-26,[]
生物质热化学转化研究,http://www.hzau.edu.cn/../info/1062/9789.htm,[工学院],2019-11-26,[]
2019年本科生表彰大会,http://www.hzau.edu.cn/../info/1062/9788.htm,[本科生院],2019-11-26,[]
园艺讲堂（第60、61期）,http://www.hzau.edu.cn/../info/1062/9785.htm,[园艺植物生物学教育部重点实验室],2019-11-25,[]
戏曲——舞台色彩的文化解读,http://www.hzau.edu.cn/../info/1062/9784.htm,[狮子山艺术讲堂],2019-11-25,[]
科技创新之美,http://www.hzau.edu.cn/../info/1062/9783.htm,[千问计划],2019-11-25,[]
绿博讲坛（第196期）,http://www.hzau.edu.cn/../info/1062/9777.htm,[资源与环境学院],2019-11-25,[]
2020年度国家社科基金项目申报辅导报告,http://www.hzau.edu.cn/../info/1062/9776.htm,,2019-11-25,[]
童星：学术型人才培养漫谈,http://www.hzau.edu.cn/../info/1062/9752.htm,[狮子山导师学校 ],2019-11-22,[]
欧洲社会工作理论,http://www.hzau.edu.cn/../info/1062/9751.htm,[引智项目讲坛  ],2019-11-22,[]
海外学习项目宣讲会——英国卡迪夫大学,http://www.hzau.edu.cn/../info/1062/9750.htm,[国际合作与交流部],2019-11-22,[]
微生物磷硫酰化表现遗传及限制修饰系统,http://www.hzau.edu.cn/../info/1062/9749.htm,[生命科学技术学院],2019-11-22,[]
寓教“渔”乐 “从游”逐梦——水产学院第四届渔文化节,http://www.hzau.edu.cn/../info/1062/9748.htm,[水产学院],2019-11-22,[]
农业机器人与智慧农场,http://www.hzau.edu.cn/../info/1062/9741.htm,[工学院],2019-11-20,[]
从什么是“波”到什么是“生命”,http://www.hzau.edu.cn/../info/1062/9740.htm,[生命科学技术学院],2019-11-20,[]
第四届动物生理学实验技能大赛,http://www.hzau.edu.cn/../info/1062/9729.htm,,2019-11-19,[]
魅力汉字,http://www.hzau.edu.cn/../info/1062/9728.htm,[狮子山讲坛],2019-11-19,[]
青年教工茶话会（第4期）,http://www.hzau.edu.cn/../info/1062/9721.htm,[校青联 校团委],2019-11-18,[]
书法的审美体验,http://www.hzau.edu.cn/../info/1062/9715.htm,[图书馆 文法学院],2019-11-18,[]
狮子山导师学校：阅人与育人,http://www.hzau.edu.cn/../info/1062/9714.htm,[研究生院 园艺林学学院],2019-11-18,[]
论文写作能力提升计划,http://www.hzau.edu.cn/../info/1062/9705.htm,[研究生院、图书馆],2019-11-15,[]
“创新、创造、创业”高端论坛（第141期）,http://www.hzau.edu.cn/../info/1062/9702.htm,[动物科学技术学院 动物医学院],2019-11-15,[]
园艺讲堂（第57、58、59期）,http://www.hzau.edu.cn/../info/1062/9701.htm,[园艺植物生物学教育部重点实验室],2019-11-14,[]
信息素养养成之文献检索实操,http://www.hzau.edu.cn/../info/1062/9687.htm,[图书馆 食品科学技术学院],2019-11-13,[]
中国畜牧兽医学会兽医寄生虫学分会第一届青年科学家学术论坛,http://www.hzau.edu.cn/../info/1062/9686.htm,[动物科学技术学院 动物医学院],2019-11-13,[]
第三届寄生虫病原生物学国际研讨会,http://www.hzau.edu.cn/../info/1062/9685.htm,[动物科学技术学院 动物医学院],2019-11-13,[]
绿色和可持续发展的催化科学与技术,http://www.hzau.edu.cn/../info/1062/9681.htm,[理学院],2019-11-12,[]
2019年食品科学技术学院研究生学术年会,http://www.hzau.edu.cn/../info/1062/9659.htm,[食品科学技术学院],2019-11-11,[]
塑造新一代领袖和国际精英：素质与形象,http://www.hzau.edu.cn/../info/1062/9658.htm,,2019-11-11,[]
植物IQD家族：微管结合蛋白调控细胞分裂与分化,http://www.hzau.edu.cn/../info/1062/9657.htm,[园艺讲堂],2019-11-11,[]
纳米氧化、还原技术修复有机污染场地,http://www.hzau.edu.cn/../info/1062/9655.htm,[绿博讲坛],2019-11-11,[]
包容性教学与科研,http://www.hzau.edu.cn/../info/1062/9654.htm,[达尊讲坛],2019-11-11,[]
陈晔光：肠上皮的稳态调控,http://www.hzau.edu.cn/../info/1062/9647.htm,[南湖学术论坛 ],2019-11-08,[]
达尊讲坛（第322、323、324期）,http://www.hzau.edu.cn/../info/1062/9638.htm,[经济管理学院],2019-11-07,[]
植物减数分裂小型研讨会,http://www.hzau.edu.cn/../info/1062/9633.htm,[植物科学技术学院],2019-11-06,[]
“创新、创造、创业”高端论坛,http://www.hzau.edu.cn/../info/1062/9632.htm,[动物科学技术学院 动物医学院],2019-11-06,[]
对话梁祝：德国黑森林室内乐团音乐会,http://www.hzau.edu.cn/../info/1062/9631.htm,[狮子山艺苑],2019-11-06,[]
当民乐牵手古典舞,http://www.hzau.edu.cn/../info/1062/9619.htm,[狮山文谷],2019-11-05,[]
植物生物学前沿论坛（第93期）,http://www.hzau.edu.cn/../info/1062/9618.htm,[生命科学技术学院],2019-11-05,[]
利用全球网格作物模型评估农业风险,http://www.hzau.edu.cn/../info/1062/9617.htm,[宏观农业研究院  植物科学技术学院],2019-11-05,[]
基于低累积作物的污染耕地安全利用技术,http://www.hzau.edu.cn/../info/1062/9616.htm,[绿博讲坛],2019-11-05,[]
朗诵：呼吸与发声,http://www.hzau.edu.cn/../info/1062/9610.htm,[文法学院],2019-11-04,[]
2019年中国社会工作教育协会农村与灾害社会工作专委会暨湖北省社会学学会学术年会,http://www.hzau.edu.cn/../info/1062/9608.htm,[文法学院],2019-11-04,[]
基于OBE课程体系的核心能力、学生评量、互动教学工作坊,http://www.hzau.edu.cn/../info/1062/9607.htm,[教师发展中心 人力资源部 本科生院],2019-11-04,[]
120帧之争：电影技术与电影美学的分歧,http://www.hzau.edu.cn/../info/1062/9606.htm,[狮子山讲坛],2019-11-04,[]
作物科学高端讲坛（总第77期）,http://www.hzau.edu.cn/../info/1062/9605.htm,[植物科学技术学院],2019-11-04,[]
教师教学能力提升培训班,http://www.hzau.edu.cn/../info/1062/9602.htm,[教师工作部 本科生院],2019-11-01,[]
达尊讲坛（第318、319和320期）,http://www.hzau.edu.cn/../info/1062/9601.htm,[经济管理学院],2019-11-01,[]
整合生物学前沿论坛（第34期）,http://www.hzau.edu.cn/../info/1062/9593.htm,[生命科学技术学院],2019-11-01,[]
农业智能装备与机器人,http://www.hzau.edu.cn/../info/1062/9589.htm,[工学院],2019-10-31,[]
2019年研究生学术年会开幕式暨南湖学术论坛,http://www.hzau.edu.cn/../info/1062/9588.htm,[研究生院],2019-10-31,[]
2020届毕业生冬季供需见面会,http://www.hzau.edu.cn/../info/1062/9587.htm,[本科生院],2019-10-31,[]
海外学习项目宣讲会（美国加州大学河滨分校）,http://www.hzau.edu.cn/../info/1062/9575.htm,[国际合作与交流部],2019-10-30,[]
坚定新时代文化自信，创建特色鲜明世界一流大学,http://www.hzau.edu.cn/../info/1062/9573.htm,[专题报告],2019-10-29,[]
新时代中国共产党乡村振兴理论与实践研讨会,http://www.hzau.edu.cn/../info/1062/9572.htm,[马克思主义学院],2019-10-29,[]
合唱欣赏交流会,http://www.hzau.edu.cn/../info/1062/9570.htm,[狮山文谷],2019-10-29,[]
第三届全国大学生动物科学专业技能大赛,http://www.hzau.edu.cn/../info/1062/9569.htm,[动物科学技术学院 动物医学院],2019-10-28,[]
分子生物学前沿论坛（第20期）,http://www.hzau.edu.cn/../info/1062/9568.htm,[生命科学技术学院],2019-10-28,[]
民以食为天——从考古学看中国的农业传统,http://www.hzau.edu.cn/../info/1062/9567.htm,[狮子山讲坛],2019-10-28,[]
研究生学术论坛食品微生物与发酵专场,http://www.hzau.edu.cn/../info/1062/9563.htm,[食品科学技术学院],2019-10-28,[]
从专业认证谈专业建设与创新人才培养,http://www.hzau.edu.cn/../info/1062/9562.htm,[本科生院],2019-10-28,[]
2019高等学校观赏园艺技能竞赛获奖作品展,http://www.hzau.edu.cn/../info/1062/9561.htm,[园艺林学学院],2019-10-28,[]
园艺讲堂（第49期、54期）,http://www.hzau.edu.cn/../info/1062/9545.htm,[园艺植物生物学教育部重点实验室],2019-10-25,[]
绿博讲坛（第187期）,http://www.hzau.edu.cn/../info/1062/9544.htm,[资源与环境学院],2019-10-25,[]
生物医学学术报告,http://www.hzau.edu.cn/../info/1062/9543.htm,[生物医学与健康学院 生命科学技术学院],2019-10-25,[]
第十五届中国禽蛋产业科技大会暨2019蛋业博览会,http://www.hzau.edu.cn/../info/1062/9542.htm,[食品科学技术学院],2019-10-25,[]
达尊讲坛（第316、317期）,http://www.hzau.edu.cn/../info/1062/9541.htm,[经济管理学院],2019-10-25,[]
冷冻电镜研讨会,http://www.hzau.edu.cn/../info/1062/9519.htm,[“清涟”跨学科论坛],2019-10-23,[]
外语论坛（第113、114期）,http://www.hzau.edu.cn/../info/1062/9518.htm,[外国语学院],2019-10-23,[]
2019年高等学校观赏园艺技能竞赛,http://www.hzau.edu.cn/../info/1062/9517.htm,[园艺林学学院],2019-10-23,[]
澳大利亚西澳大学海外学习项目宣讲会,http://www.hzau.edu.cn/../info/1062/9516.htm,[国际合作与交流部],2019-10-23,[]
爱沙尼亚女声合唱团音乐会,http://www.hzau.edu.cn/../info/1062/9515.htm,[狮子山艺苑],2019-10-23,[]
绿博讲坛（第186期）,http://www.hzau.edu.cn/../info/1062/9506.htm,[资源与环境学院],2019-10-22,[]
“壮丽七十载、奋进新时代”庆祝新中国成立七十周年文艺汇演,http://www.hzau.edu.cn/../info/1062/9498.htm,[离退休工作部],2019-10-21,[]
华中农业大学-新西兰皇家植物与食品研究所“果树科学从基础研究到产业应用”学术研讨会,http://www.hzau.edu.cn/../info/1062/9495.htm,,2019-10-19,[]
作物营养高效的理论与实践,http://www.hzau.edu.cn/../info/1062/9486.htm,[资源与环境学院],2019-10-17,[]
变态发育与昆虫生物多样性,http://www.hzau.edu.cn/../info/1062/9485.htm,[植物保护高端讲坛],2019-10-17,[]
中国美学与农耕文明,http://www.hzau.edu.cn/../info/1062/9484.htm,[狮子山讲坛],2019-10-17,[]
达尊讲坛（第314、315期）,http://www.hzau.edu.cn/../info/1062/9483.htm,[经济管理学院],2019-10-17,[]
利用转座子、CRISPR/CAS9和宏基因组学开发害虫防控新方法,http://www.hzau.edu.cn/../info/1062/9478.htm,[生命科学技术学院],2019-10-16,[]
园艺讲堂（第50、51期）,http://www.hzau.edu.cn/../info/1062/9477.htm,[园艺植物生物学教育部重点实验室],2019-10-16,[]
插花创意与技艺的融合,http://www.hzau.edu.cn/../info/1062/9453.htm,[园艺林学学院],2019-10-15,[]
达尊讲坛（第312、313期）,http://www.hzau.edu.cn/../info/1062/9451.htm,[经济管理学院],2019-10-14,[]
那些年的等待：诺贝尔文学奖与中国文坛图书特展,http://www.hzau.edu.cn/../info/1062/9442.htm,[图书馆],2019-10-12,[]
作物科学高端讲坛（第72、73期）,http://www.hzau.edu.cn/../info/1062/9441.htm,[植物科学技术学院],2019-10-12,[]
文学写作与欣赏,http://www.hzau.edu.cn/../info/1062/9432.htm,[狮子山讲坛],2019-10-11,[]
园艺讲堂（第46、47期）,http://www.hzau.edu.cn/../info/1062/9431.htm,[园艺植物生物学教育部重点实验室],2019-10-11,[]
绿博讲坛（第184期）,http://www.hzau.edu.cn/../info/1062/9418.htm,[资源与环境学院],2019-10-10,[]
如何做一项好的研究,http://www.hzau.edu.cn/../info/1062/9416.htm,[达尊讲坛（第311期）],2019-10-10,[]
本科教育教学系统学习能力提升计划,http://www.hzau.edu.cn/../info/1062/9411.htm,[本科生院],2019-10-09,[]
达尔文的恼人之谜：被子植物早期“爆发”的遗传机制,http://www.hzau.edu.cn/../info/1062/9408.htm,[作物科学高端讲坛],2019-10-09,[]
风笑天：为师与为人——我做研究生导师的经历和感悟,http://www.hzau.edu.cn/../info/1062/9407.htm,[狮子山导师学校],2019-10-09,[]
智慧农业跨学科论坛,http://www.hzau.edu.cn/../info/1062/9405.htm,[“清涟”跨学科论坛],2019-10-08,[]
乐友交流会,http://www.hzau.edu.cn/../info/1062/9403.htm,[狮山文谷],2019-10-08,[]
单细胞拉曼成像、分选与测序系统：从原理到仪器,http://www.hzau.edu.cn/../info/1062/9402.htm,[“创新、创造、创业”高端论坛],2019-10-08,[]
吴瑞奖学金分享会,http://www.hzau.edu.cn/../info/1062/9391.htm,[生物医学与健康学院],2019-10-06,[]
70年：影响中国人精神成长的文学作品（1949—2019中国文学作品展）,http://www.hzau.edu.cn/../info/1062/9368.htm,[图书馆],2019-09-30,[]
我与祖国共奋进——国旗下的演讲,http://www.hzau.edu.cn/../info/1062/9362.htm,[校团委],2019-09-29,[]
微生物学前沿论坛（第111期）,http://www.hzau.edu.cn/../info/1062/9361.htm,[生命科学技术学院],2019-09-29,[]
大型广场音乐舞蹈人体雕塑《红旗颂》,http://www.hzau.edu.cn/../info/1062/9339.htm,[党委宣传部 本科生院 校团委],2019-09-26,[]
融——湖北高校青年优秀美术作品交流巡回展,http://www.hzau.edu.cn/../info/1062/9338.htm,[艺术馆],2019-09-26,[]
人工智能时代的媒介景观,http://www.hzau.edu.cn/../info/1062/9336.htm,[狮子山讲坛【第296期】],2019-09-25,[]
“思政课程”和“课程思政”示范建设项目课堂示范,http://www.hzau.edu.cn/../info/1062/9310.htm,[本科生院],2019-09-20,[]
2019年高等学校果树嫁接与修剪技能竞赛,http://www.hzau.edu.cn/../info/1062/9309.htm,[园艺林学学院],2019-09-20,[]
2019年“金秋雅韵”诗文朗诵会,http://www.hzau.edu.cn/../info/1062/9308.htm,,2019-09-20,[]
绿色虾稻产业系列论坛（第3期）,http://www.hzau.edu.cn/../info/1062/9307.htm,[双水双绿研究院],2019-09-20,[]
第六届基因组学与作物遗传改良国际学术会议——分子育种,http://www.hzau.edu.cn/../info/1062/9305.htm,[作物遗传改良国家重点实验室],2019-09-19,[]
女性的健康与未来,http://www.hzau.edu.cn/../info/1062/9303.htm,[校医院],2019-09-19,[]
华中农业大学2019级本科生军训结业典礼,http://www.hzau.edu.cn/../info/1062/9301.htm,,2019-09-19,[]
第四届湖北省高校大学生酒体设计大赛,http://www.hzau.edu.cn/../info/1062/9300.htm,[生命科学技术学院],2019-09-19,[]
我和我的祖国——离退休教职工合唱展演,http://www.hzau.edu.cn/../info/1062/9292.htm,[离退休工作部],2019-09-17,[]
第二届全国大学生植物保护专业能力大赛,http://www.hzau.edu.cn/../info/1062/9291.htm,[植物科学技术学院],2019-09-17,[]
动物基因组与表观组演化论坛,http://www.hzau.edu.cn/../info/1062/9283.htm,,2019-09-16,[]
基因编辑技术的优化和应用,http://www.hzau.edu.cn/../info/1062/9282.htm,[“创新、创造、创业”高端论坛],2019-09-16,[]
2019年秋季学期研究生全英文课程,http://www.hzau.edu.cn/../info/1062/9277.htm,[研究生院],2019-09-12,[]
新常态下高等农业教育改革与乡村振兴战略,http://www.hzau.edu.cn/../info/1062/9276.htm,[狮山高等讲堂],2019-09-12,[]
青春告白祖国主题宣讲活动,http://www.hzau.edu.cn/../info/1062/9251.htm,,2019-09-06,[]
如何写文献综述,http://www.hzau.edu.cn/../info/1062/9243.htm,[达尊讲坛（第308期）],2019-09-05,[]
微生物学前沿论坛（第110期）,http://www.hzau.edu.cn/../info/1062/9241.htm,[生命科学技术学院],2019-09-04,[]
绿色稻米产业系列论坛（第2期）,http://www.hzau.edu.cn/../info/1062/9239.htm,[双水双绿研究院],2019-09-03,[]
按设计支付：教师绩效工资设计与学生成绩分配,http://www.hzau.edu.cn/../info/1062/9222.htm,[达尊讲坛（第307期）],2019-08-30,[]
好的研究是慢慢长出来的,http://www.hzau.edu.cn/../info/1062/9221.htm,[达尊讲坛（第306期）],2019-08-30,[]
俄罗斯油画作品展,http://www.hzau.edu.cn/../info/1062/9211.htm,[艺术馆],2019-08-30,[]
科学道德与学风建设宣讲报告,http://www.hzau.edu.cn/../info/1062/9202.htm,,2019-08-29,[]
番茄基因组促进果实生物学研究,http://www.hzau.edu.cn/../info/1062/9177.htm,[园艺讲堂],2019-08-20,[]
本科教育教学管理服务能力提升计划专题报告,http://www.hzau.edu.cn/../info/1062/9171.htm,[本科生院],2019-08-15,[]
吴孔明：中国植物保护的新挑战——草地贪夜蛾,http://www.hzau.edu.cn/../info/1062/9167.htm,[狮子山讲坛（294期）],2019-08-13,[]
陈剑平：新时代、新姿态、新植保,http://www.hzau.edu.cn/../info/1062/9166.htm,[狮子山讲坛（295期）],2019-08-13,[]
微生物学前沿论坛（第109期）,http://www.hzau.edu.cn/../info/1062/9163.htm,,2019-08-09,[]
微生物学前沿论坛（第108期）,http://www.hzau.edu.cn/../info/1062/9162.htm,,2019-08-09,[]
植物生物学前沿论坛（第94期）,http://www.hzau.edu.cn/../info/1062/9144.htm,,2019-07-30,[]
淡水渔业转型升级暨水产工业化养殖创新发展高层论坛,http://www.hzau.edu.cn/../info/1062/9135.htm,,2019-07-25,[]
微生物学前沿论坛（107期）,http://www.hzau.edu.cn/../info/1062/9133.htm,,2019-07-24,[]
“计算社会科学方法论”暑期学校,http://www.hzau.edu.cn/../info/1062/9123.htm,[宏观农业研究院（MARI）],2019-07-20,[]
生物医学与园艺学学科交叉研讨会,http://www.hzau.edu.cn/../info/1062/9113.htm,,2019-07-16,[]
2019年“双一流”农科联盟暨学科建设研讨会,http://www.hzau.edu.cn/../info/1062/9104.htm,[发展规划部],2019-07-13,[]
微生物学前沿论坛（第106期）,http://www.hzau.edu.cn/../info/1062/9101.htm,[生命科学技术学院],2019-07-12,[]
中美外语教育国际研讨会,http://www.hzau.edu.cn/../info/1062/9097.htm,[外国语学院],2019-07-11,[]
苹果开花相关的染色质重塑,http://www.hzau.edu.cn/../info/1062/9095.htm,[园艺林学学院],2019-07-10,[]
食物与农业经济学国际前沿学术论坛,http://www.hzau.edu.cn/../info/1062/9093.htm,[经济管理学院],2019-07-09,[]
华中农业大学-塔里木大学双边学术交流会,http://www.hzau.edu.cn/../info/1062/9084.htm,[生命科学技术学院],2019-07-07,[]
第21届国际固氮大会,http://www.hzau.edu.cn/../info/1062/9080.htm,[生命科学技术学院],2019-07-05,[]
本科生暑期全英文课程项目,http://www.hzau.edu.cn/../info/1062/9076.htm,[本科生院],2019-07-04,[]
全英文课程教学工作坊,http://www.hzau.edu.cn/../info/1062/9075.htm,[本科生院],2019-07-04,[]
本科教学改革创新与新工科建设,http://www.hzau.edu.cn/../info/1062/9065.htm,[本科生院 工学院],2019-07-03,[]
青年教师学术交流,http://www.hzau.edu.cn/../info/1062/9064.htm,[动物科学技术学院 动物医学院],2019-07-03,[]
分子生物学前沿论坛（18期）,http://www.hzau.edu.cn/../info/1062/9048.htm,[生命科学技术学院],2019-06-28,[]
中华优秀传统文化教育游学计划（第三期）,http://www.hzau.edu.cn/../info/1062/9047.htm,,2019-06-27,[]
生物医学学术报告,http://www.hzau.edu.cn/../info/1062/9046.htm,,2019-06-27,[]
集群式楼房智能养猪新模式,http://www.hzau.edu.cn/../info/1062/9037.htm,,2019-06-24,[]
植物生物学前沿论坛（第93期）,http://www.hzau.edu.cn/../info/1062/9022.htm,[生命科学技术学院],2019-06-20,[]
新时代高等农业教育专业建设研讨会,http://www.hzau.edu.cn/../info/1062/9014.htm,[本科生院 植物科学技术学院],2019-06-19,[]
《写作与沟通》课程教学培训,http://www.hzau.edu.cn/../info/1062/9006.htm,[本科生院],2019-06-18,[]
“让歌声祝福你”中央歌剧院青年艺术家专场音乐会,http://www.hzau.edu.cn/../info/1062/8996.htm,[校团委],2019-06-17,[]
植物生物学前沿论坛（第92期）,http://www.hzau.edu.cn/../info/1062/8995.htm,[生命科学技术学院],2019-06-17,[]
微生物学前沿论坛（第103-104期）,http://www.hzau.edu.cn/../info/1062/8994.htm,[生命科学技术学院],2019-06-17,[]
向幸福出发——毕业荧光跑,http://www.hzau.edu.cn/../info/1062/8990.htm,[校团委],2019-06-15,[]
绿色稻米产业系列论坛（第1期）,http://www.hzau.edu.cn/../info/1062/8985.htm,[双水双绿研究院],2019-06-14,[]
异曲同工——工学院2019年毕业巡游,http://www.hzau.edu.cn/../info/1062/8984.htm,[工学院],2019-06-14,[]
第30届国际拟南芥大会,http://www.hzau.edu.cn/../info/1062/8983.htm,[生命科学技术学院],2019-06-14,[]
首届湖北省大学生生理学实验技能大赛,http://www.hzau.edu.cn/../info/1062/8982.htm,[水产学院],2019-06-14,[]
国家公派留学政策解读报告会,http://www.hzau.edu.cn/../info/1062/8978.htm,,2019-06-12,[]
我们不能没有信仰,http://www.hzau.edu.cn/../info/1062/8961.htm,[狮子山讲坛【第293期】],2019-06-10,[]
万象无界——2015级艺术设计系毕业作品展,http://www.hzau.edu.cn/../info/1062/8943.htm,[文法学院],2019-06-04,[]
青年教工茶话会（第3期）,http://www.hzau.edu.cn/../info/1062/8937.htm,[校团委 校青联],2019-06-03,[]
奋斗才能无悔——与青年学子话科研育人,http://www.hzau.edu.cn/../info/1062/8925.htm,[名师讲思政],2019-05-29,[]
美育教育大家谈,http://www.hzau.edu.cn/../info/1062/8924.htm,[千问计划],2019-05-29,[]
诺奖学者进校园,http://www.hzau.edu.cn/../info/1062/8922.htm,[科学技术发展研究院 生命科学技术学院],2019-05-29,[]
作物表型鉴定技术促进精准农业发展,http://www.hzau.edu.cn/../info/1062/8920.htm,[宏观农业研究院],2019-05-28,[]
第一届国际作物科学高端论坛,http://www.hzau.edu.cn/../info/1062/8917.htm,,2019-05-28,[]
构境——《建筑初步》课程作品展,http://www.hzau.edu.cn/../info/1062/8908.htm,[园艺林学学院],2019-05-24,[]
寻找你•校园读书人,http://www.hzau.edu.cn/../info/1062/8900.htm,[共同空间],2019-05-24,[]
中美贸易摩擦——缘由、趋势、影响与应对,http://www.hzau.edu.cn/../info/1062/8898.htm,[公共管理论坛],2019-05-23,[]
本科生党员理论知识竞赛决赛,http://www.hzau.edu.cn/../info/1062/8897.htm,,2019-05-23,[]
科学理解达尔文进化论——来自古今生物学的证据,http://www.hzau.edu.cn/../info/1062/8896.htm,[狮子山讲坛],2019-05-23,[]
Beneficial Microbes :Research and Applications ,http://www.hzau.edu.cn/../info/1062/8895.htm,[园艺林学学院],2019-05-23,[]
Movement in plants:role of membrane rearrangements and stress resistance induced via nanobiomaterials,http://www.hzau.edu.cn/../info/1062/8894.htm,[园艺林学学院],2019-05-23,[]
跨学科学术沙龙第3期：社会网络计算及仿真模拟研究,http://www.hzau.edu.cn/../info/1062/8882.htm,[宏观农业研究院（MARI）],2019-05-21,[]
“中国青年五四奖章”获得者事迹分享会,http://www.hzau.edu.cn/../info/1062/8880.htm,,2019-05-21,[]
果蝇唾液腺染色体制片及观察,http://www.hzau.edu.cn/../info/1062/8877.htm,[实践教学示范课],2019-05-20,[]
苏云金芽胞杆菌:可移动遗传元件组的天堂,http://www.hzau.edu.cn/../info/1062/8876.htm,[微生物学前沿论坛],2019-05-20,[]
木质素的生物降解与资源化利用,http://www.hzau.edu.cn/../info/1062/8875.htm,[微生物学前沿论坛],2019-05-20,[]
非组蛋白甲基化在肌肉稳态中的作用,http://www.hzau.edu.cn/../info/1062/8867.htm,[“创新、创造、创业”高端论坛],2019-05-20,[]
天然CRISPR介导的基因组编辑促进针对临床多药抗性铜绿假单胞菌治疗策略的开发,http://www.hzau.edu.cn/../info/1062/8866.htm,[“创新、创造、创业”高端论坛],2019-05-20,[]
Nature Research Academies 科学传播培训班,http://www.hzau.edu.cn/../info/1062/8861.htm,[科学智慧成长计划],2019-05-17,[]
2019年大学生就业实习双选会（湖北省人才专场）,http://www.hzau.edu.cn/../info/1062/8853.htm,,2019-05-17,[]
“五月的花海”2019年大学生合唱比赛,http://www.hzau.edu.cn/../info/1062/8852.htm,[校团委],2019-05-17,[]
Secret Life of Turnip Mosaic Virus,http://www.hzau.edu.cn/../info/1062/8842.htm,[园艺林学学院],2019-05-16,[]
高雅艺术进校园： 山西省话剧院话剧《生命如歌》,http://www.hzau.edu.cn/../info/1062/8841.htm,[校团委],2019-05-15,[]
流动性与社会治理,http://www.hzau.edu.cn/../info/1062/8839.htm,[狮子山讲坛],2019-05-15,[]
华中农业大学2019年春季校园招聘会（湖北方阵人力资源专场）,http://www.hzau.edu.cn/../info/1062/8822.htm,,2019-05-08,[]
产业问题驱动的柑橘研究,http://www.hzau.edu.cn/../info/1062/8821.htm,[作物科学高端讲坛],2019-05-08,[]
黄金时代——欧洲古董版画展,http://www.hzau.edu.cn/../info/1062/8820.htm,[艺术馆展讯],2019-05-08,[]
呼吸道合胞病毒和副流感病毒二价疫苗临床前开发,http://www.hzau.edu.cn/../info/1062/8816.htm,[创新、创造、创业高端论坛],2019-05-07,[]
细菌桶状外膜蛋白的功能研究及应用,http://www.hzau.edu.cn/../info/1062/8815.htm,[创新、创造、创业高端论坛],2019-05-07,[]
金黄色葡萄球菌VII型分泌系统,http://www.hzau.edu.cn/../info/1062/8814.htm,[创新、创造、创业高端论坛],2019-05-07,[]
第30期整合生物学前沿论坛,http://www.hzau.edu.cn/../info/1062/8813.htm,[生命科学技术学院],2019-05-07,[]
第四届南湖国际青年科学家论坛,http://www.hzau.edu.cn/../info/1062/8811.htm,,2019-05-06,[]
5月创新创业系列活动,http://www.hzau.edu.cn/../info/1062/8810.htm,[校团委],2019-05-06,[]
光辉五四——纪念五四运动100周年文献展,http://www.hzau.edu.cn/../info/1062/8793.htm,,2019-04-30,[]
青春心向党 建功新时代——纪念五四运动100周年表彰大会,http://www.hzau.edu.cn/../info/1062/8773.htm,[校团委],2019-04-27,[]
第十五届十佳大学生评选会,http://www.hzau.edu.cn/../info/1062/8772.htm,[校团委],2019-04-27,[]
诱导多能干细胞在再生医学和药物筛选中的应用,http://www.hzau.edu.cn/../info/1062/8766.htm,[“创新 创造 创业”高端论坛],2019-04-26,[]
投身乡村振兴 基层建功立业——博士后与村支书的美丽邂逅,http://www.hzau.edu.cn/../info/1062/8756.htm,[第75期党的基本知识培训班],2019-04-25,[]
中国食品微生物安全科学大数据库构建及其创新应用,http://www.hzau.edu.cn/../info/1062/8752.htm,[食品科学技术学院],2019-04-24,[]
高校以学生成长为导向的人才培养体系的设计与实施,http://www.hzau.edu.cn/../info/1062/8751.htm,[公共管理学院],2019-04-24,[]
第三届农业经济理论前沿论坛,http://www.hzau.edu.cn/../info/1062/8750.htm,[经济管理学院],2019-04-24,[]
名师讲思政【第一讲】,http://www.hzau.edu.cn/../info/1062/8749.htm,[植物科学技术学院],2019-04-24,[]
系统打造“金课”、混合式教学设计与实践,http://www.hzau.edu.cn/../info/1062/8747.htm,,2019-04-24,[]
青年教工茶话会【第2期】,http://www.hzau.edu.cn/../info/1062/8736.htm,[学校办公室 校团委 校青联],2019-04-23,[]
水稻胚乳发育与营养品质改良研究最新进展,http://www.hzau.edu.cn/../info/1062/8735.htm,[植物科学技术学院],2019-04-23,[]
细胞示踪技术与组织再生研究,http://www.hzau.edu.cn/../info/1062/8734.htm,[生命科学技术学院],2019-04-23,[]
第10周专场招聘会,http://www.hzau.edu.cn/../info/1062/8723.htm,[就业指导中心],2019-04-22,[]
2019年大学生志愿服务西部计划——西藏专项宣讲会,http://www.hzau.edu.cn/../info/1062/8719.htm,[校团委],2019-04-19,[]
“创新 创造 创业”高端论坛（第102期）,http://www.hzau.edu.cn/../info/1062/8711.htm,[动物科学技术学院 动物医学院],2019-04-18,[]
青年研习社第三期读书分享会,http://www.hzau.edu.cn/../info/1062/8710.htm,[校团委],2019-04-18,[]
同行在新时代的志愿青春里,http://www.hzau.edu.cn/../info/1062/8709.htm,[志愿故事会【第九期】],2019-04-18,[]
“微生物学前沿”论坛,http://www.hzau.edu.cn/../info/1062/8708.htm,[农业微生物学国家重点实验室],2019-04-18,[]
湖北省人才市场2019年华中农业大学校园巡回招聘会,http://www.hzau.edu.cn/../info/1062/8706.htm,,2019-04-17,[]
植物学实验,http://www.hzau.edu.cn/../info/1062/8705.htm,[生命科学技术学院],2019-04-17,[]
第四届食文化节暨第六届卓越•亚太中慧杯肉类加工大赛,http://www.hzau.edu.cn/../info/1062/8693.htm,[食品科学技术学院],2019-04-16,[]
“创新、创造、创业”高端论坛（第101期）,http://www.hzau.edu.cn/../info/1062/8692.htm,[动物科学技术学院 动物医学院],2019-04-16,[]
“创新、创造、创业”高端论坛（第100期）,http://www.hzau.edu.cn/../info/1062/8691.htm,[动物科学技术学院 动物医学院],2019-04-16,[]
如何当好一名研究生导师,http://www.hzau.edu.cn/../info/1062/8676.htm,[狮子山导师学校],2019-04-15,[]
跨学科学术沙龙第2期：不同学科中作物产量估算方法,http://www.hzau.edu.cn/../info/1062/8675.htm,[宏观农业研究院（MARI） ],2019-04-15,[]
Regulation of Bacteria Host Transcription by a Bacteriophage Protein,http://www.hzau.edu.cn/../info/1062/8674.htm,[生命科学技术学院],2019-04-15,[]
微生物强化技术在石化废水处理中的实践与思考——中石化环保求真之路,http://www.hzau.edu.cn/../info/1062/8673.htm,[生命科学技术学院],2019-04-15,[]
Engineering selective agrochemical manipulation of gibberellin metabolism in cereal crops,http://www.hzau.edu.cn/../info/1062/8672.htm,[生命科学技术学院],2019-04-15,[]
第9周专场招聘会,http://www.hzau.edu.cn/../info/1062/8671.htm,[就业指导中心],2019-04-15,[]
千问计划,http://www.hzau.edu.cn/../info/1062/8659.htm,[生命科学技术学院],2019-04-11,[]
Constructing a tree of cell genealogy informs developmental stochasticity,http://www.hzau.edu.cn/../info/1062/8658.htm,[生命科学技术学院],2019-04-11,[]
“整合生物学前沿”论坛 第27期,http://www.hzau.edu.cn/../info/1062/8657.htm,[生命科学技术学院],2019-04-11,[]
植物—病毒互作及化学防控,http://www.hzau.edu.cn/../info/1062/8652.htm,[“清涟”跨学科论坛],2019-04-10,[]
谈谈太阳活动及其对人类生存环境的影响,http://www.hzau.edu.cn/../info/1062/8651.htm,[狮子山讲坛],2019-04-10,[]
狮山合唱节--合唱排练艺术实践,http://www.hzau.edu.cn/../info/1062/8647.htm,[狮子山艺术讲堂],2019-04-09,[]
“我选湖北•才聚荆楚”名企面对面校园双选会,http://www.hzau.edu.cn/../info/1062/8646.htm,[就业指导中心],2019-04-09,[]
南京溧水区“高校行”活动华中农业大学专场推介会,http://www.hzau.edu.cn/../info/1062/8645.htm,[就业指导中心],2019-04-09,[]
2019年4月创新创业系列活动,http://www.hzau.edu.cn/../info/1062/8644.htm,[校团委],2019-04-09,[]
第8周专场招聘会,http://www.hzau.edu.cn/../info/1062/8643.htm,[就业指导中心],2019-04-09,[]
高等教育精品教材巡展,http://www.hzau.edu.cn/../info/1062/8640.htm,[华中农业大学教务处],2019-04-08,[]
电子设备中新型芳基有机磷阻燃剂的发现及生物效应评估,http://www.hzau.edu.cn/../info/1062/8639.htm,[水产学院],2019-04-08,[]
新型环境污染物的人体暴露与健康危害,http://www.hzau.edu.cn/../info/1062/8638.htm,[水产学院],2019-04-08,[]
大数据时代的红楼梦阅读,http://www.hzau.edu.cn/../info/1062/8623.htm,[狮子山讲坛],2019-04-04,[]
跨学科学术沙龙第1期,http://www.hzau.edu.cn/../info/1062/8622.htm,[宏观农业研究院],2019-04-04,[]
“创新 创造 创业”高端论坛第98期,http://www.hzau.edu.cn/../info/1062/8617.htm,,2019-04-03,[]
谈谈经典阅读,http://www.hzau.edu.cn/../info/1062/8616.htm,[植物科学技术学院],2019-04-03,[]
青年开讲——“艺术微课”学生讲课竞赛决赛,http://www.hzau.edu.cn/../info/1062/8613.htm,[校团委],2019-04-02,[]
打开文学经典的方式,http://www.hzau.edu.cn/../info/1062/8612.htm,[狮子山讲坛],2019-04-02,[]
“才聚光谷•光谷生物城进高校”华中农业大学专场招聘会,http://www.hzau.edu.cn/../info/1062/8611.htm,[就业指导中心],2019-04-02,[]
第七周专场招聘会,http://www.hzau.edu.cn/../info/1062/8610.htm,[就业指导中心],2019-04-02,[]
青年教工茶话会,http://www.hzau.edu.cn/../info/1062/8601.htm,,2019-03-29,[]
当代中国婚姻家庭与婚姻家庭法,http://www.hzau.edu.cn/../info/1062/8588.htm,[狮子山讲坛],2019-03-28,[]
中科生物植物工厂领域创新研究与产业化,http://www.hzau.edu.cn/../info/1062/8587.htm,[园艺林学学院],2019-03-28,[]
水稻广谱抗瘟基因发掘及其育种应用,http://www.hzau.edu.cn/../info/1062/8586.htm,[园艺林学学院],2019-03-28,[]
2019知名企业高校行华中农业大学春季招聘会,http://www.hzau.edu.cn/../info/1062/8575.htm,[就业指导中心],2019-03-27,[]
说“锰”语的天然免疫细胞---锰离子免疫调节及肿瘤治疗,http://www.hzau.edu.cn/../info/1062/8572.htm,[“创新 创造 创业”高端论坛],2019-03-26,[]
兽用抗菌药与抗菌药耐药性,http://www.hzau.edu.cn/../info/1062/8571.htm,[“创新 创造 创业”高端论坛],2019-03-26,[]
知识如何在分化中造就语言,http://www.hzau.edu.cn/../info/1062/8566.htm,[狮子山讲坛],2019-03-26,[]
关节疾病的诊疗,http://www.hzau.edu.cn/../info/1062/8561.htm,[创新、创造、创业高端论坛],2019-03-26,[]
第6周专场招聘会,http://www.hzau.edu.cn/../info/1062/8559.htm,[就业指导中心],2019-03-25,[]
生物入侵：中国方案,http://www.hzau.edu.cn/../info/1062/8558.htm,[植物科学技术学院],2019-03-25,[]
从独生子女到全面二孩：中国生育政策的社会影响,http://www.hzau.edu.cn/../info/1062/8557.htm,[狮子山讲坛],2019-03-25,[]
基于植物病原菌 Ralstonia Solanacearum 致病模型的天然产物挖掘,http://www.hzau.edu.cn/../info/1062/8556.htm,[园艺林学学院],2019-03-25,[]
寨卡病毒的抗体中和机制的结构生物学研究,http://www.hzau.edu.cn/../info/1062/8555.htm,[园艺林学学院],2019-03-25,[]
细菌生物碱的“非常规”生物合成,http://www.hzau.edu.cn/../info/1062/8554.htm,[园艺林学学院],2019-03-25,[]
SHOW TIME——爵士大乐队华中农业大学专场,http://www.hzau.edu.cn/../info/1062/8553.htm,[狮子山艺苑],2019-03-25,[]
古彩戏法,http://www.hzau.edu.cn/../info/1062/8552.htm,[狮子山艺苑],2019-03-25,[]
The meiotic chromosome axis: the coordinator of crossover formation from Arabidopsis to crops,http://www.hzau.edu.cn/../info/1062/8551.htm,[生命科学技术学院],2019-03-25,[]
2019年实践教学示范课一览,http://www.hzau.edu.cn/../info/1062/8534.htm,[教务处],2019-03-22,[]
色彩密码——艺术体验活动,http://www.hzau.edu.cn/../info/1062/8532.htm,[艺术馆],2019-03-21,[]
经典：有一种阅读是为了忘记,http://www.hzau.edu.cn/../info/1062/8531.htm,[狮子山讲坛],2019-03-21,[]
大鲁迅还是小鲁迅,http://www.hzau.edu.cn/../info/1062/8530.htm,[狮子山讲坛],2019-03-21,[]
How to Publish in Animal Genetics? It’s easier than you think,http://www.hzau.edu.cn/../info/1062/8529.htm,[“创新 创造 创业”高端论坛],2019-03-21,[]
“我选湖北·智汇襄阳”华中农业大学校园招聘会,http://www.hzau.edu.cn/../info/1062/8526.htm,[就业指导中心],2019-03-20,[]
湖北省人才市场2019年华中农业大学校园巡回招聘会,http://www.hzau.edu.cn/../info/1062/8525.htm,[就业指导中心],2019-03-20,[]
第五周专场招聘会,http://www.hzau.edu.cn/../info/1062/8502.htm,[就业指导中心],2019-03-18,[]
每首唐诗都是一个历史现场,http://www.hzau.edu.cn/../info/1062/8488.htm,[狮子山传播学讲坛],2019-03-15,[]
国际博弈的核心：国际复合型人才培养,http://www.hzau.edu.cn/../info/1062/8487.htm,[狮子山讲坛],2019-03-15,[]
2019华食会资源对接研讨会暨华食会第二届会员代表大会,http://www.hzau.edu.cn/../info/1062/8483.htm,[食品科学技术学院],2019-03-14,[]
外语论坛,http://www.hzau.edu.cn/../info/1062/8482.htm,[外国语学院],2019-03-14,[]
2019中国规模猪场智造论坛,http://www.hzau.edu.cn/../info/1062/8475.htm,[期刊社],2019-03-13,[]
校友一席谈【第十三期】,http://www.hzau.edu.cn/../info/1062/8473.htm,[生命科学技术学院],2019-03-12,[]
榜样的力量-感动中国2018年度人物事迹分享会,http://www.hzau.edu.cn/../info/1062/8469.htm,,2019-03-12,[]
新时代本科人才培养的思考与行动,http://www.hzau.edu.cn/../info/1062/8464.htm,[植物科学技术学院],2019-03-12,[]
教师教学能力提升计划之集中学习安排,http://www.hzau.edu.cn/../info/1062/8463.htm,[教务处],2019-03-12,[]
2019届毕业生春季供需见面会,http://www.hzau.edu.cn/../info/1062/8462.htm,,2019-03-11,[]
第4周专场招聘会,http://www.hzau.edu.cn/../info/1062/8461.htm,[就业指导中心],2019-03-11,[]
光谷生物城知名企业华中农业大学专场招聘会,http://www.hzau.edu.cn/../info/1062/8440.htm,[就业指导中心],2019-03-07,[]
大学里的教与学,http://www.hzau.edu.cn/../info/1062/8431.htm,[共同空间],2019-03-06,[]
2019年3月创业系列活动,http://www.hzau.edu.cn/../info/1062/8429.htm,[校团委],2019-03-06,[]
抗生素耐药性的快速检测和指纹分析,http://www.hzau.edu.cn/../info/1062/8423.htm,[生命科学技术学院],2019-03-05,[]
华中农业大学校园风景水彩画作品展,http://www.hzau.edu.cn/../info/1062/8419.htm,[艺术馆展讯],2019-03-04,[]
第三周专场招聘会,http://www.hzau.edu.cn/../info/1062/8418.htm,[就业指导中心],2019-03-04,[]
大数据技术在解决发展问题中的应用,http://www.hzau.edu.cn/../info/1062/8417.htm,[宏观农业研究院],2019-03-03,[]
生命科学校友发展论坛（第四期）暨生物产业联盟论坛,http://www.hzau.edu.cn/../info/1062/8397.htm,[生命科学技术学院],2019-02-26,[]
大学生怎样当众讲话？,http://www.hzau.edu.cn/../info/1062/8396.htm,[狮子山讲坛],2019-02-26,[]
第二周专场招聘会,http://www.hzau.edu.cn/../info/1062/8392.htm,[就业指导中心],2019-02-25,[]
梨自交不亲和性机制研究与应用,http://www.hzau.edu.cn/../info/1062/8383.htm,[园艺林学学院],2019-02-22,[]
植物基因组编辑技术及其在基因功能研究和遗传改良的应用,http://www.hzau.edu.cn/../info/1062/8382.htm,[园艺林学学院],2019-02-22,[]
西藏光核桃的人文和旅游资源评价,http://www.hzau.edu.cn/../info/1062/8381.htm,[园艺林学学院],2019-02-22,[]
2019年上半年大学生心理健康教育中心开放通知,http://www.hzau.edu.cn/../info/1062/8379.htm,,2019-02-21,[]
创新、创造、创业高端论坛92期,http://www.hzau.edu.cn/../info/1062/8378.htm,[动科动医学院],2019-02-21,[]
2019年度国家社科基金项目申报辅导报告,http://www.hzau.edu.cn/../info/1062/8376.htm,[科发院],2019-02-21,[]
2019届毕业生春季供需见面会,http://www.hzau.edu.cn/../info/1062/8373.htm,[就业指导中心],2019-02-19,[]
2019年上半年组团招聘会,http://www.hzau.edu.cn/../info/1062/8372.htm,[就业指导中心],2019-02-19,[]
Creating plant molecular factories for nutritional and industrial carotenoids production,http://www.hzau.edu.cn/../info/1062/8368.htm,[园艺林学学院],2019-02-19,[]
2019年度湖北省大学生创业扶持项目申报,http://www.hzau.edu.cn/../info/1062/8362.htm,[就业指导中心],2019-02-18,[]
第30届国际拟南芥大会会议通知,http://www.hzau.edu.cn/../info/1062/8351.htm,,2019-02-15,[]
生命健康产业发展与创新创业人才培养研讨会,http://www.hzau.edu.cn/../info/1062/8342.htm,[生命科学技术学院],2019-01-27,[]
第四届南湖国际青年科学家论坛公告,http://www.hzau.edu.cn/../info/1062/8335.htm,,2019-01-23,[]
你说我听大家评——专业课程体系研讨,http://www.hzau.edu.cn/../info/1062/8329.htm,[动科动医学院],2019-01-22,[]
植物科学技术学院2018年年终交流考核,http://www.hzau.edu.cn/../info/1062/8328.htm,[植物科学技术学院],2019-01-21,[]
第二届寒假学术交流会,http://www.hzau.edu.cn/../info/1062/8324.htm,[动物科学技术学院 动物医学院],2019-01-21,[]
“华农‘五老’团队写百联送百福”赠春联活动,http://www.hzau.edu.cn/../info/1062/8314.htm,[离退休工作处],2019-01-17,[]
2018年度教学质量优秀一等奖评选会,http://www.hzau.edu.cn/../info/1062/8303.htm,,2019-01-15,[]
第八届辅导员素质能力大赛决赛,http://www.hzau.edu.cn/../info/1062/8298.htm,[党委学生工作部],2019-01-14,[]
2019年达尊青年教师学术论坛,http://www.hzau.edu.cn/../info/1062/8291.htm,[经济管理学院],2019-01-11,[]
Salamander Regeneration - Regulation and Evolution,http://www.hzau.edu.cn/../info/1062/8284.htm,[“创新 创造 创业”高端论坛],2019-01-09,[]
华中农业大学第十六届研究生指导教师“教书育人奖”评选,http://www.hzau.edu.cn/../info/1062/8283.htm,[党委研工部 党委教师工作部 研究生院],2019-01-09,[]
蝗虫体色调节与群体防御机制,http://www.hzau.edu.cn/../info/1062/8259.htm,[植物保护高端讲坛],2019-01-03,[]
中外经典名曲交响音乐会,http://www.hzau.edu.cn/../info/1062/8258.htm,[高雅艺术进校园],2019-01-03,[]
Chaperoning G protein-coupled receptors:From cell biology to therapeutics,http://www.hzau.edu.cn/../info/1062/8227.htm,[“创新 创造 创业”高端论坛],2018-12-28,[]
武汉音乐学院舞蹈系舞蹈精品展演,http://www.hzau.edu.cn/../info/1062/8221.htm,,2018-12-26,[]
2018年研究生“学术希望之星”评选,http://www.hzau.edu.cn/../info/1062/8220.htm,[研究生院 研工部],2018-12-26,[]
2019年狮山欢乐节,http://www.hzau.edu.cn/../info/1062/8219.htm,[校团委],2018-12-26,[]
2019年大学生科技创新基金（SRF）项目启动仪式暨2018年大学生创新创业论坛专场报告,http://www.hzau.edu.cn/../info/1062/8209.htm,[教务处],2018-12-25,[]
分子生物学前沿论坛,http://www.hzau.edu.cn/../info/1062/8208.htm,[生命科学技术学院],2018-12-25,[]
人与自然和谐的生态发展,http://www.hzau.edu.cn/../info/1062/8207.htm,[科普工作办公室],2018-12-25,[]
第94期植物生物学前沿论坛,http://www.hzau.edu.cn/../info/1062/8206.htm,[生命科学技术学院],2018-12-25,[]
2018年校园媒体大会,http://www.hzau.edu.cn/../info/1062/8204.htm,[党委宣传部],2018-12-24,[]
水稻稻瘟病广谱抗性遗传基础解析与育种应用,http://www.hzau.edu.cn/../info/1062/8203.htm,[植物保护高端讲坛],2018-12-24,[]
国家项目申报的方法与策划方案研究,http://www.hzau.edu.cn/../info/1062/8202.htm,[人文社科处 文法学院 园艺林学学院],2018-12-24,[]
2019华中农业大学新年音乐会,http://www.hzau.edu.cn/../info/1062/8182.htm,[校团委],2018-12-20,[]
海外名师讲坛——田汉勤教授报告（美国奥本大学）,http://www.hzau.edu.cn/../info/1062/8180.htm,[国际合作与交流处],2018-12-19,[]
水稻资源高效利用的分子基础,http://www.hzau.edu.cn/../info/1062/8176.htm,[作物科学高端讲坛],2018-12-19,[]
俄罗斯文学在中国的传播和影响,http://www.hzau.edu.cn/../info/1062/8153.htm,[狮子山讲坛],2018-12-17,[]
温敏酵母细胞工厂的建立及用于,http://www.hzau.edu.cn/../info/1062/8152.htm,[生命科学技术学院],2018-12-17,[]
噬菌体治疗的前世今生,http://www.hzau.edu.cn/../info/1062/8151.htm,[生命科学技术学院],2018-12-17,[]
MOOC在理论课教学中的应用探讨,http://www.hzau.edu.cn/../info/1062/8150.htm,[名课有约],2018-12-17,[]
澳大利亚国立大学与华中农业大学联合培养本科生“2+2”双学位项目宣讲会,http://www.hzau.edu.cn/../info/1062/8147.htm,[生命科学技术学院],2018-12-14,[]
美丽校园 美好生活 快乐成长,http://www.hzau.edu.cn/../info/1062/8146.htm,[共同空间],2018-12-14,[]
细胞壁非纤维素多糖合成与应用,http://www.hzau.edu.cn/../info/1062/8145.htm,[园艺林学学院],2018-12-14,[]
Genetic architecture of fruit metabolic composition traits in tomato,http://www.hzau.edu.cn/../info/1062/8144.htm,[园艺林学学院],2018-12-14,[]
中国土地改革四十年与公共政策创新研讨会,http://www.hzau.edu.cn/../info/1062/8141.htm,[公共管理学院],2018-12-13,[]
寻找真实的世界——我的研究心得,http://www.hzau.edu.cn/../info/1062/8140.htm,[公共管理学院],2018-12-13,[]
改革开放以来我国耕地利用变化及其展望,http://www.hzau.edu.cn/../info/1062/8139.htm,[公共管理学院],2018-12-13,[]
生命科学在华农,http://www.hzau.edu.cn/../info/1062/8137.htm,[第九届研究生学术年会],2018-12-13,[]
2018年大学生创新创业论坛专家报告,http://www.hzau.edu.cn/../info/1062/8136.htm,[教务处],2018-12-13,[]
奋斗的青春最美丽——标兵颁奖礼暨事迹分享会,http://www.hzau.edu.cn/../info/1062/8131.htm,[学生工作部（处） 校团委],2018-12-12,[]
12月创新创业系列活动,http://www.hzau.edu.cn/../info/1062/8127.htm,[校团委],2018-12-11,[]
大圣精神与人类文化价值——【西游记】的文化解读,http://www.hzau.edu.cn/../info/1062/8122.htm,[狮子山讲坛],2018-12-11,[]
大学生活如何度过,http://www.hzau.edu.cn/../info/1062/8121.htm,[共同空间],2018-12-11,[]
“微生物学”在线开放课程建设及创新型教学模式探索,http://www.hzau.edu.cn/../info/1062/8120.htm,[名课有约],2018-12-11,[]
MOOC建设的体会与反思,http://www.hzau.edu.cn/../info/1062/8119.htm,[名课有约],2018-12-11,[]
人的现代化与社会转型,http://www.hzau.edu.cn/../info/1062/8114.htm,[公共管理学院],2018-12-10,[]
癌症治疗面临的挑战,http://www.hzau.edu.cn/../info/1062/8113.htm,[生物医学中心],2018-12-10,[]
蛋白质结构与药物设计开发,http://www.hzau.edu.cn/../info/1062/8112.htm,[“清涟”跨学科论坛],2018-12-10,[]
南海仲裁的历史视角,http://www.hzau.edu.cn/../info/1062/8111.htm,[狮子山讲坛],2018-12-10,[]
We are one 中外学生2019年新年晚会,http://www.hzau.edu.cn/../info/1062/8095.htm,[国际学院 外国语学院],2018-12-06,[]
Agricultural University Bilateral Symposium on Horticultural Science ,http://www.hzau.edu.cn/../info/1062/8074.htm,[园艺林学学院],2018-12-05,[]
和校长一起谈理想、谈学习、谈成长,http://www.hzau.edu.cn/../info/1062/8065.htm,[共同空间],2018-12-04,[]
湖北省生物信息学会成立大会,http://www.hzau.edu.cn/../info/1062/8064.htm,[信息学院],2018-12-04,[]
遗传学与新一代心血管疾病医学,http://www.hzau.edu.cn/../info/1062/8056.htm,[生命科学技术学院],2018-12-03,[]
Molecular epigenetic understanding of vernalization in Arabidopsis,http://www.hzau.edu.cn/../info/1062/8055.htm,[生命科学技术学院],2018-12-03,[]
Conservation and divergence ofsex-biased spermatogenic genes,http://www.hzau.edu.cn/../info/1062/8054.htm,[生命科学技术学院],2018-12-03,[]
"Genomic approaches to crop improvement , particularly of lettuce",http://www.hzau.edu.cn/../info/1062/8053.htm,[园艺林学学院],2018-12-03,[]
纪录片《君紫檀》观影会,http://www.hzau.edu.cn/../info/1062/8052.htm,[文法学院国学讲堂],2018-12-03,[]
习近平总书记给“本禹志愿服务队”回信五周年交流分享活动,http://www.hzau.edu.cn/../info/1062/8051.htm,,2018-12-03,[]
第四届湖北省青年志愿公益嘉年华暨“诚信点亮中国”湖北站活动,http://www.hzau.edu.cn/../info/1062/8050.htm,,2018-12-03,[]
2018 NSFC-CGIAR 家畜研究合作项目研讨会,http://www.hzau.edu.cn/../info/1062/8049.htm,[动物科学技术学院 动物医学院],2018-12-03,[]
“畜牧学概论”通识课程SPOC建设与应用探索,http://www.hzau.edu.cn/../info/1062/8048.htm,[名课有约],2018-12-03,[]
SPOC+PAD（对分课堂）教学模式探讨,http://www.hzau.edu.cn/../info/1062/8047.htm,[名课有约],2018-12-03,[]
改革开放与中国法治四十年专题分享会 宪法日谈法治,http://www.hzau.edu.cn/../info/1062/8037.htm,[文法学院],2018-11-30,[]
斑马鱼肝脏发育的调控机制,http://www.hzau.edu.cn/../info/1062/8035.htm,[生命科学技术学院],2018-11-30,[]
"Single particle cryo EM:Basic Concepts, Applications and Future Prespectives",http://www.hzau.edu.cn/../info/1062/8030.htm,[生科院分子生物学前沿论坛15期],2018-11-29,[]
湖北省园艺学会2018年学术年会,http://www.hzau.edu.cn/../info/1062/8029.htm,[园艺林学学院],2018-11-29,[]
校友一席谈12期,http://www.hzau.edu.cn/../info/1062/8028.htm,[生命科技学院],2018-11-29,[]
从构图开始如何拍出一张好照片,http://www.hzau.edu.cn/../info/1062/8026.htm,[狮子山讲坛],2018-11-28,[]
星璨—大学生艺术团小宇宙合唱团十周年专场音乐会,http://www.hzau.edu.cn/../info/1062/8025.htm,[校团委],2018-11-28,[]
作物科学高端讲坛,http://www.hzau.edu.cn/../info/1062/8019.htm,[植物科学技术学院],2018-11-27,[]
植科—园林青年教师学术交流会,http://www.hzau.edu.cn/../info/1062/8018.htm,[植物科学技术学院 园艺林学学院],2018-11-27,[]
Conversion mechanism of organic wastes by mini-Livestock and microbes ,http://www.hzau.edu.cn/../info/1062/8017.htm,[生命科学技术学院],2018-11-27,[]
猫肾移植,http://www.hzau.edu.cn/../info/1062/8016.htm,[“创新 创造 创业”高端论坛],2018-11-27,[]
MOOC/SPOC课程建设与教学实践探索,http://www.hzau.edu.cn/../info/1062/8010.htm,[名课有约],2018-11-26,[]
罗马托尼•马丁芭蕾舞团古典芭蕾讲座,http://www.hzau.edu.cn/../info/1062/8004.htm,[狮子山艺术讲堂25期],2018-11-23,[]
暂别花田,http://www.hzau.edu.cn/../info/1062/8003.htm,[120校庆办公室],2018-11-23,[]
2018年全国高等学校风景园林专业优秀毕业设计作品展,http://www.hzau.edu.cn/../info/1062/7996.htm,[园艺林学学院],2018-11-22,[]
第一届细胞自噬、营养与再生医学学术研讨会,http://www.hzau.edu.cn/../info/1062/7991.htm,[“创新 创造 创业”高端论坛],2018-11-21,[]
大学生职业规划到底如何做？,http://www.hzau.edu.cn/../info/1062/7981.htm,[大学生就业指导中心],2018-11-20,[]
大型原创舞剧《江湖》,http://www.hzau.edu.cn/../info/1062/7980.htm,[高雅艺术进校园],2018-11-20,[]
与大数据同行——教育和学习的未来,http://www.hzau.edu.cn/../info/1062/7979.htm,[名师讲坛],2018-11-20,[]
邵宗泽：我的“下海”经历——从农业微生物到海洋微生物,http://www.hzau.edu.cn/../info/1062/7977.htm,[教授红讲堂15期],2018-11-20,[]
农业对外合作“猎英行动计划”,http://www.hzau.edu.cn/../info/1062/7974.htm,[校园招聘],2018-11-19,[]
第12周专场招聘会,http://www.hzau.edu.cn/../info/1062/7973.htm,[校园招聘],2018-11-19,[]
基于MOOC/SPOC的教学团队建设与探索,http://www.hzau.edu.cn/../info/1062/7964.htm,[名课有约],2018-11-16,[]
SPOC教学中的小组学习交流法,http://www.hzau.edu.cn/../info/1062/7963.htm,[名课有约],2018-11-16,[]
植物保护高端讲坛,http://www.hzau.edu.cn/../info/1062/7958.htm,[植物科学技术学院],2018-11-15,[]
"Single particle cryo EM:Basic Concepts,Applications and Future Perspectives",http://www.hzau.edu.cn/../info/1062/7955.htm,[生命科学技术学院],2018-11-15,[]
大豆光温适应性改良的原理和技术,http://www.hzau.edu.cn/../info/1062/7948.htm,[生命科学技术学院],2018-11-13,[]
2018年全省高校班主任工作培训班,http://www.hzau.edu.cn/../info/1062/7946.htm,,2018-11-13,[]
干细胞和基因编辑：优势与挑战,http://www.hzau.edu.cn/../info/1062/7945.htm,[南湖学术论坛42期],2018-11-13,[]
第11周专场招聘会,http://www.hzau.edu.cn/../info/1062/7944.htm,[校园招聘],2018-11-13,[]
第十三届高校生命科学课程报告论坛,http://www.hzau.edu.cn/../info/1062/7938.htm,[生命科学技术学院],2018-11-12,[]
多性状遗传位点的GWAS检测与解读,http://www.hzau.edu.cn/../info/1062/7937.htm,[“创新 创造 创业”高端论坛],2018-11-12,[]
11月创新创业系列活动,http://www.hzau.edu.cn/../info/1062/7935.htm,[校团委],2018-11-09,[]
"Plant biology research-genetic screens, genes and pathways ",http://www.hzau.edu.cn/../info/1062/7934.htm,[作物科学高端讲坛],2018-11-09,[]
走进舞蹈 感受舞蹈,http://www.hzau.edu.cn/../info/1062/7930.htm,[狮子山艺术讲堂],2018-11-09,[]
课程思政建设心得,http://www.hzau.edu.cn/../info/1062/7929.htm,[名师讲坛],2018-11-08,[]
基于MOOC/SPOC的翻转课堂教学模式的实践与反思,http://www.hzau.edu.cn/../info/1062/7928.htm,[名课有约],2018-11-08,[]
高雅艺术进校园2018经典剧目高校行,http://www.hzau.edu.cn/../info/1062/7917.htm,[长江人民艺术剧院],2018-11-06,[]
土壤对大豆孢囊线虫免疫机制及线虫生物防治,http://www.hzau.edu.cn/../info/1062/7916.htm,[生命科学技术学院],2018-11-06,[]
以线虫为模型研究生物适应性,http://www.hzau.edu.cn/../info/1062/7915.htm,[生命科学技术学院],2018-11-06,[]
2018年资助育人文化艺术进校园,http://www.hzau.edu.cn/../info/1062/7910.htm,[学生资助管理中心],2018-11-05,[]
互联网时代下数字课程建设与传统课堂的和谐发展,http://www.hzau.edu.cn/../info/1062/7903.htm,[名课有约],2018-11-05,[]
新时代新食品人培养视域下的在线开放课程重构与实践,http://www.hzau.edu.cn/../info/1062/7902.htm,[名课有约],2018-11-05,[]
第10周专场招聘会,http://www.hzau.edu.cn/../info/1062/7901.htm,[校园招聘],2018-11-05,[]
CRISPR Immunity in Pyrococcus furiosus,http://www.hzau.edu.cn/../info/1062/7896.htm,[微生物学前沿论坛],2018-11-02,[]
建设美丽中国——学习习近平新时代中国特色社会主义思想专题研讨会,http://www.hzau.edu.cn/../info/1062/7892.htm,[人文社会科学处 马克思主义学院],2018-11-01,[]
英国伯明翰大学&华中农业大学本科生联培项目宣讲会,http://www.hzau.edu.cn/../info/1062/7891.htm,[生命科学技术学院],2018-11-01,[]
农业绿色发展战略与挑战,http://www.hzau.edu.cn/../info/1062/7890.htm,[资源与环境学院],2018-11-01,[]
艺术让人成为人,http://www.hzau.edu.cn/../info/1062/7887.htm,[悦读沙龙],2018-10-31,[]
农业生物制药技术研究与进展,http://www.hzau.edu.cn/../info/1062/7884.htm,[作物科学高端讲坛],2018-10-31,[]
高功率激光与动物细胞的作用机制在理疗中的应用,http://www.hzau.edu.cn/../info/1062/7883.htm,[“创新 创造 创业”高端论坛],2018-10-31,[]
第9周专场招聘会,http://www.hzau.edu.cn/../info/1062/7876.htm,[校园招聘],2018-10-29,[]
2019届毕业生冬季供需见面会,http://www.hzau.edu.cn/../info/1062/7875.htm,[就业指导中心],2018-10-29,[]
教育部高等学校食品科学与工程类专业教学指导委员会2018年第二次会议暨教学研讨会,http://www.hzau.edu.cn/../info/1062/7869.htm,,2018-10-26,[]
国际植物多胺研讨会,http://www.hzau.edu.cn/../info/1062/7868.htm,[园艺林学学院],2018-10-25,[]
第三届华中农业大学—内布拉斯加大学林肯分校双边学术论坛,http://www.hzau.edu.cn/../info/1062/7867.htm,[生命科学技术学院],2018-10-25,[]
生物创新 产业赋能,http://www.hzau.edu.cn/../info/1062/7862.htm,[生命科学技术学院],2018-10-25,[]
一场跨越40年的对话,http://www.hzau.edu.cn/../info/1062/7858.htm,[艺术馆],2018-10-24,[]
QTL定位、关联分析和基因组选配的上位模型,http://www.hzau.edu.cn/../info/1062/7857.htm,[“创新 创造 创业”高端论坛],2018-10-24,[]
尽小者大 志凝者成——我的科研体会分享,http://www.hzau.edu.cn/../info/1062/7852.htm,[南湖学术论坛],2018-10-24,[]
那些年我们一起拼过的青春,http://www.hzau.edu.cn/../info/1062/7848.htm,[狮子山讲坛【第275期】],2018-10-23,[]
Cell-of-Origin of Cancer vs. Cancer Stem Cells,http://www.hzau.edu.cn/../info/1062/7847.htm,[“创新 创造 创业”高端论坛],2018-10-23,[]
最是书香能致远——马克思主义经典朗诵分享会,http://www.hzau.edu.cn/../info/1062/7845.htm,[图书馆 马克思主义学院 校团委],2018-10-22,[]
如何深入推进SPOC教学改革与实践,http://www.hzau.edu.cn/../info/1062/7844.htm,[名课有约],2018-10-22,[]
SSCI论文发表的“道”与“术”,http://www.hzau.edu.cn/../info/1062/7843.htm,[公共管理学院],2018-10-22,[]
开放四十年来环境治理改革的一些思考,http://www.hzau.edu.cn/../info/1062/7838.htm,[公共管理学院],2018-10-22,[]
第8周专场招聘会,http://www.hzau.edu.cn/../info/1062/7837.htm,[校园招聘],2018-10-22,[]
2018年武汉市大学生创业项目资助,http://www.hzau.edu.cn/../info/1062/7828.htm,[大学生创业指导中心],2018-10-19,[]
天籁——聆听宇宙之声,http://www.hzau.edu.cn/../info/1062/7813.htm,[狮子山讲坛【第274期】],2018-10-18,[]
微生物——宿主互作的结构生物学研究,http://www.hzau.edu.cn/../info/1062/7811.htm,[“清涟”跨学科论坛],2018-10-17,[]
微生物前沿论坛,http://www.hzau.edu.cn/../info/1062/7796.htm,[生命科学技术学院],2018-10-16,[]
Structure and conformational dynamics of COMPASS histone H3K4 methyltransferase,http://www.hzau.edu.cn/../info/1062/7795.htm,[生科院分子生物学前沿论坛],2018-10-16,[]
用行动书写报国之志,http://www.hzau.edu.cn/../info/1062/7794.htm,[教授红讲堂],2018-10-16,[]
课堂教学语言艺术与教学礼仪,http://www.hzau.edu.cn/../info/1062/7793.htm,[名师有约],2018-10-16,[]
2018狮子山导师学校开班典礼暨立德树人专题培训会,http://www.hzau.edu.cn/../info/1062/7789.htm,[狮子山导师学校],2018-10-16,[]
科研人员与Nature学术编辑对话论坛,http://www.hzau.edu.cn/../info/1062/7786.htm,[图书馆],2018-10-15,[]
中国畜牧兽医学会动物生理生化分会全国动物生理生化第十五次学术交流会会议日程,http://www.hzau.edu.cn/../info/1062/7785.htm,[水产学院],2018-10-15,[]
中国文化中的四大名著,http://www.hzau.edu.cn/../info/1062/7784.htm,[狮子山讲坛【第272期】],2018-10-15,[]
第7周专场招聘会,http://www.hzau.edu.cn/../info/1062/7783.htm,[校园招聘],2018-10-15,[]
基于MOOC的SPOC教学设计,http://www.hzau.edu.cn/../info/1062/7782.htm,[名师有约],2018-10-15,[]
为你歌唱——庆祝改革开放四十周年“湖北音乐金编钟奖”成果展暨荆楚红色文艺轻骑兵走进武汉市洪山区高校惠民演出,http://www.hzau.edu.cn/../info/1062/7781.htm,,2018-10-15,[]
New sustainable pest management exploiting plant secondary metabolism by GM,http://www.hzau.edu.cn/../info/1062/7774.htm,[植物保护高端讲坛],2018-10-11,[]
教育信息化时代下在线开放课程实践探索,http://www.hzau.edu.cn/../info/1062/7767.htm,[名师有约],2018-10-09,[]
10月创新创业系列活动,http://www.hzau.edu.cn/../info/1062/7766.htm,,2018-10-09,[]
公众演说艺术,http://www.hzau.edu.cn/../info/1062/7765.htm,[狮子山讲坛【第271期】],2018-10-09,[]
Genomic studies and implementation in pigs,http://www.hzau.edu.cn/../info/1062/7757.htm,[“创新 创造 创业”高端论坛],2018-10-08,[]
Can we build a genetic trap for drug resistant malaria parasites?,http://www.hzau.edu.cn/../info/1062/7755.htm,[“创新 创造 创业”高端论坛],2018-10-08,[]
第六周专场招聘会,http://www.hzau.edu.cn/../info/1062/7754.htm,[校园招聘],2018-10-08,[]
诺奖学者进校园-幽门螺旋杆菌的发现及研究现状,http://www.hzau.edu.cn/../info/1062/7728.htm,[生命科学技术学院],2018-09-30,[]
诺奖学者进校园-  光合作用——地球上最重要的化学反应,http://www.hzau.edu.cn/../info/1062/7727.htm,[动科动医学院],2018-09-30,[]
国际高等农业教育论坛暨中外大学校长论坛,http://www.hzau.edu.cn/../info/1062/7719.htm,,2018-09-29,[]
“改革开放与华中农大”成就展,http://www.hzau.edu.cn/../info/1062/7717.htm,,2018-09-29,[]
生物技术与法庭科学,http://www.hzau.edu.cn/../info/1062/7702.htm,[校友一席谈],2018-09-27,[]
关于西运动场（第一运动场）暂停进行体育锻炼的通告,http://www.hzau.edu.cn/../info/1062/7694.htm,[通知],2018-09-26,[]
中国现代文学中的“异国”与“他乡”,http://www.hzau.edu.cn/../info/1062/7692.htm,[狮子山讲坛【第270期】],2018-09-25,[]
当前国际形势与大国地缘政治,http://www.hzau.edu.cn/../info/1062/7691.htm,[狮子山讲坛【第269期】],2018-09-25,[]
第4周专场招聘会,http://www.hzau.edu.cn/../info/1062/7684.htm,[校园招聘],2018-09-25,[]
多边贸易体系面临的挑战与贸易问题研究,http://www.hzau.edu.cn/../info/1062/7665.htm,[达尊讲坛252期],2018-09-18,[]
合作金融组织剩余控制权安排,http://www.hzau.edu.cn/../info/1062/7664.htm,[达尊讲坛251期],2018-09-18,[]
健康消费升级新时代，快消品行业发展情况分析,http://www.hzau.edu.cn/../info/1062/7663.htm,[达尊讲坛250期],2018-09-18,[]
“狮山情 耕读曲”金秋雅韵诗文朗诵会,http://www.hzau.edu.cn/../info/1062/7662.htm,,2018-09-18,[]
首届“中国农民丰收节”系列活动全国种猪大赛（南方赛区）暨第18届中国武汉种猪拍卖会,http://www.hzau.edu.cn/../info/1062/7661.htm,,2018-09-18,[]
中德植物健康和微生物组学双边研讨会,http://www.hzau.edu.cn/../info/1062/7656.htm,[植物科学技术学院],2018-09-17,[]
9月创新创业活动,http://www.hzau.edu.cn/../info/1062/7655.htm,[校团委],2018-09-17,[]
Characterization of lethal recessive variants in commercial pig populations,http://www.hzau.edu.cn/../info/1062/7654.htm,[“创新 创造 创业”高端论坛],2018-09-17,[]
第3周专场招聘会,http://www.hzau.edu.cn/../info/1062/7651.htm,[校园招聘],2018-09-17,[]
“百廿风雨路 相约为你来”狮子山Mini马拉松,http://www.hzau.edu.cn/../info/1062/7650.htm,,2018-09-17,[]
诺奖学者进校园谈神经科学与生命健康,http://www.hzau.edu.cn/../info/1062/7647.htm,[学术活动],2018-09-15,[]
2018年新生青春歌会,http://www.hzau.edu.cn/../info/1062/7641.htm,[校团委],2018-09-14,[]
犬猫慢性肾衰的治疗,http://www.hzau.edu.cn/../info/1062/7639.htm,[“创新 创造 创业”高端论坛],2018-09-14,[]
中国新外交：走向仁智大国之路,http://www.hzau.edu.cn/../info/1062/7632.htm,[狮子山讲坛],2018-09-12,[]
Response Gene to Complement 32 (RGC-32) in Metabolic Disorders and Atherosclerosis,http://www.hzau.edu.cn/../info/1062/7618.htm,[“创新 创造 创业”高端论坛],2018-09-10,[]
商业猪饲料配方设计经验分享,http://www.hzau.edu.cn/../info/1062/7615.htm,[“创新 创造 创业”高端论坛],2018-09-10,[]
漫谈科学路,http://www.hzau.edu.cn/../info/1062/7614.htm,[千问计划],2018-09-10,[]
便携式化学传感器的构建及其在食品安全分析中的应用,http://www.hzau.edu.cn/../info/1062/7604.htm,[“创新 创造 创业”高端论坛],2018-09-07,[]
Alpha-kinase 1 is a cytosolic innate immune receptor for bacterial ADP-heptose,http://www.hzau.edu.cn/../info/1062/7603.htm,[“创新 创造 创业”高端论坛],2018-09-07,[]
第2周专场宣讲会,http://www.hzau.edu.cn/../info/1062/7602.htm,[校园招聘],2018-09-07,[]
研究生支教团事迹报告暨招募宣讲会,http://www.hzau.edu.cn/../info/1062/7598.htm,,2018-09-06,[]
群贤•白露文会——中国当代艺术邀请展,http://www.hzau.edu.cn/../info/1062/7591.htm,[艺术馆展讯],2018-09-05,[]
遗传育种与人类疾病的碰撞,http://www.hzau.edu.cn/../info/1062/7590.htm,[“清涟”跨学科论坛],2018-09-05,[]
Evolution of termite reproductive systems and genomic imptinting,http://www.hzau.edu.cn/../info/1062/7589.htm,[植物保护高端讲坛],2018-09-05,[]
2018年下半年心理健康教育与咨询中心开放通知,http://www.hzau.edu.cn/../info/1062/7588.htm,[心理健康教育与咨询中心],2018-09-05,[]
共患病毒病与防控,http://www.hzau.edu.cn/../info/1062/7586.htm,[“创新、创造、创业”高端论坛第58期],2018-09-04,[]
华中农业大学-台湾大学-京都大学联合园艺学研讨会,http://www.hzau.edu.cn/../info/1062/7582.htm,[园艺林学学院],2018-09-03,[]
第二届（2018）全国生猪精准饲养与饲料安全技术研讨会暨120周年校庆系列学术活动,http://www.hzau.edu.cn/../info/1062/7581.htm,[动科动医学院],2018-09-03,[]
国际动物基因组学论坛暨120周年校庆系列学术活动,http://www.hzau.edu.cn/../info/1062/7573.htm,[生命科学技术学院],2018-08-31,[]
校友一席谈【第十期】——新生专场,http://www.hzau.edu.cn/../info/1062/7571.htm,[生命科学技术学院],2018-08-30,[]
Some Recollections on 60 years of Wheat Research,http://www.hzau.edu.cn/../info/1062/7570.htm,[作物科学高端讲坛],2018-08-30,[]
如晤Ⅱ——学通社摄影展,http://www.hzau.edu.cn/../info/1062/7568.htm,[艺术馆展讯],2018-08-29,[]
2018全国规模化水产健康养殖增效论坛（研讨会）,http://www.hzau.edu.cn/../info/1062/7563.htm,[水产学院],2018-08-27,[]
大学生思想政治教育专题讲座暨2018年班主任培训班主题报告,http://www.hzau.edu.cn/../info/1062/7554.htm,[学生工作部],2018-08-24,[]
作物科学高端论坛暨120周年校庆系列学术活动,http://www.hzau.edu.cn/../info/1062/7552.htm,[植物科学技术学院],2018-08-24,[]
第三届作物中微量元素营养与肥料施用关键技术研讨会暨中国中微肥创新联盟,http://www.hzau.edu.cn/../info/1062/7547.htm,,2018-08-21,[]
Dining as a Determinant of Dating and Ditching - Lessons from parasitism,http://www.hzau.edu.cn/../info/1062/7537.htm,[创新、创造、创业高端论坛],2018-08-07,[]
清华大学物理系博士团学术交流,http://www.hzau.edu.cn/../info/1062/7536.htm,[迎双甲子校庆系列学术活动],2018-08-05,[]
第五届全球变化与生态预测国际论坛,http://www.hzau.edu.cn/../info/1062/7525.htm,[园艺林学学院],2018-07-26,[]
第五届基因组学与作物遗传改良国际学术会议-杂种优势暨120周年校庆系列学术活动,http://www.hzau.edu.cn/../info/1062/7520.htm,[学术活动],2018-07-23,[]
Veterinary pathology in the USA,http://www.hzau.edu.cn/../info/1062/7517.htm,[创新、创造、创业高端论坛],2018-07-23,[]
中美外语教育国际研讨会,http://www.hzau.edu.cn/../info/1062/7513.htm,[外国语学院],2018-07-20,[]
植物营养生物学青年学者论坛,http://www.hzau.edu.cn/../info/1062/7508.htm,[资源与环境学院],2018-07-19,[]
Novel proteins involved in the regulation of phenylpropanoid-lignin synthesis,http://www.hzau.edu.cn/../info/1062/7505.htm,[作物科学高端讲坛],2018-07-17,[]
生命科学校友发展论坛暨生物工程产业联盟论坛,http://www.hzau.edu.cn/../info/1062/7490.htm,[生命科学技术学院],2018-07-13,[]
精准理解和把握认证标准 扎实做好专业认证自评工作,http://www.hzau.edu.cn/../info/1062/7489.htm,[食品科学技术学院],2018-07-13,[]
青年教师学术交流,http://www.hzau.edu.cn/../info/1062/7485.htm,[动科动医学院],2018-07-11,[]
作物学青年学者论坛,http://www.hzau.edu.cn/../info/1062/7482.htm,[植物科学技术学院],2018-07-10,[]
2018年暑期全英文课程项目,http://www.hzau.edu.cn/../info/1062/7473.htm,,2018-07-06,[]
Nature Research Academies——科学传播培训班,http://www.hzau.edu.cn/../info/1062/7469.htm,[党委宣传部 党委教师工作部],2018-07-05,[]
2018遥感大数据与智慧农业论坛,http://www.hzau.edu.cn/../info/1062/7465.htm,[资源与环境学院],2018-07-04,[]
小麦基因组、变异组与育种组,http://www.hzau.edu.cn/../info/1062/7460.htm,[作物科学高端讲坛],2018-07-03,[]
CRISPR: how can we harness its power to change every living thing?,http://www.hzau.edu.cn/../info/1062/7459.htm,[“创新 创造 创业”高端论坛],2018-07-03,[]
从事临床医学研究的几点体会,http://www.hzau.edu.cn/../info/1062/7458.htm,[南湖生物医学讲坛],2018-07-03,[]
水产新视界暨120周年校庆系列学术活动,http://www.hzau.edu.cn/../info/1062/7457.htm,[水产讲坛],2018-07-03,[]
揭秘转座子的功能,http://www.hzau.edu.cn/../info/1062/7447.htm,[作物科学高端讲坛],2018-06-29,[]
体育训练馆、第三综合实验楼室外景观方案向师生征求意见,http://www.hzau.edu.cn/../info/1062/7439.htm,,2018-06-27,[]
母体来源因子控制胚胎发育关键步骤,http://www.hzau.edu.cn/../info/1062/7438.htm,[南湖学术论坛],2018-06-27,[]
Illuminating the 3D Structure of RNA with 3DNA-DSSR,http://www.hzau.edu.cn/../info/1062/7433.htm,,2018-06-26,[]
[53期]World pig genetics market and Choice genetics organization,http://www.hzau.edu.cn/../info/1062/7432.htm,[“创新、创造、创业”高端论坛],2018-06-26,[]
"[52期]Selenium, cancer and genome stability",http://www.hzau.edu.cn/../info/1062/7431.htm,[“创新、创造、创业”高端论坛],2018-06-26,[]
[51期]Beneficial and paradoxical roles of selenium in aging,http://www.hzau.edu.cn/../info/1062/7430.htm,[“创新、创造、创业”高端论坛],2018-06-26,[]
异育银鲫系列品种的故事,http://www.hzau.edu.cn/../info/1062/7429.htm,[水产学院],2018-06-26,[]
定量质谱大数据在生物医学研究中的应用,http://www.hzau.edu.cn/../info/1062/7424.htm,[“创新、创造、创业”高端论坛],2018-06-25,[]
第二届“三农论坛”征文研讨会,http://www.hzau.edu.cn/../info/1062/7413.htm,,2018-06-22,[]
“最是书香能致远”系列读书活动——国学经典诵读分享会,http://www.hzau.edu.cn/../info/1062/7407.htm,[图书馆],2018-06-22,[]
What peptides taught us about the life cycle of the malaria parasite,http://www.hzau.edu.cn/../info/1062/7406.htm,[植物保护高端讲坛],2018-06-22,[]
走进扬翔,http://www.hzau.edu.cn/../info/1062/7405.htm,[第九期青年教师跨学科体验式教学实践活动],2018-06-21,[]
Problem Based Learning,http://www.hzau.edu.cn/../info/1062/7404.htm,[“创新 创造 创业”高端论坛],2018-06-21,[]
Vesicle-mediated Secretion of Specific Antigens of the Human Pathogen Babesia microti into the Mammalian Host,http://www.hzau.edu.cn/../info/1062/7403.htm,[“创新 创造 创业”高端论坛],2018-06-21,[]
母体来源因子控制胚胎发育关键步骤,http://www.hzau.edu.cn/../info/1062/7402.htm,[南湖学术论坛【第40期】],2018-06-21,[]
乡村振兴与城乡融合发展学术研讨会,http://www.hzau.edu.cn/../info/1062/7401.htm,[文法学院],2018-06-21,[]
Human Enteric Viruses-A potential Indicator for Monitoring Creational Water Quality,http://www.hzau.edu.cn/../info/1062/7400.htm,[水产新视界],2018-06-21,[]
探戈乐团演奏会,http://www.hzau.edu.cn/../info/1062/7391.htm,[狮子山艺苑],2018-06-19,[]
联防联控从源头防控人兽共患病,http://www.hzau.edu.cn/../info/1062/7390.htm,[“创新 创造 创业”高端论坛],2018-06-19,[]
双甲子校庆系列学术活动第30期,http://www.hzau.edu.cn/../info/1062/7386.htm,[理学院],2018-06-19,[]
双甲子校庆系列学术活动第29期,http://www.hzau.edu.cn/../info/1062/7385.htm,[理学院],2018-06-19,[]
第十四届中美华人化学教授学术会议,http://www.hzau.edu.cn/../info/1062/7384.htm,[理学院],2018-06-19,[]
校友一席谈【第九期】,http://www.hzau.edu.cn/../info/1062/7371.htm,[生命科学技术学院],2018-06-15,[]
老龄化与失智症,http://www.hzau.edu.cn/../info/1062/7362.htm,[狮子山社会工作讲坛],2018-06-14,[]
迈向营养健康新阶段的中国农业,http://www.hzau.edu.cn/../info/1062/7361.htm,[作物科学高端讲坛],2018-06-14,[]
生物技术在水产饲料中的应用,http://www.hzau.edu.cn/../info/1062/7359.htm,[南湖学术论坛],2018-06-13,[]
学习新思想 千万师生同上一堂课活动,http://www.hzau.edu.cn/../info/1062/7352.htm,,2018-06-13,[]
国情 世情 外交——中国特色大国外交,http://www.hzau.edu.cn/../info/1062/7343.htm,[教授名师学术报告会],2018-06-12,[]
树立终身学习理念,http://www.hzau.edu.cn/../info/1062/7342.htm,[狮子山讲坛【第267期】],2018-06-12,[]
天空之城——视听音乐会,http://www.hzau.edu.cn/../info/1062/7339.htm,[校团委],2018-06-12,[]
玉米单倍诱导机理研究,http://www.hzau.edu.cn/../info/1062/7338.htm,[作物科学高端讲坛],2018-06-12,[]
如何在联合国粮农组织做好一名国际职员,http://www.hzau.edu.cn/../info/1062/7337.htm,[宏观农业研究院系列讲座],2018-06-12,[]
我的从医之路,http://www.hzau.edu.cn/../info/1062/7336.htm,[南湖生物医学讲坛],2018-06-12,[]
爱心传递，书香永存——毕业生捐书,http://www.hzau.edu.cn/../info/1062/7328.htm,[图书馆],2018-06-08,[]
百廿•书•人——阅读记忆有奖征集,http://www.hzau.edu.cn/../info/1062/7327.htm,[图书馆],2018-06-08,[]
"Identification of a novel player in skeletal muscle development,growth and contraction",http://www.hzau.edu.cn/../info/1062/6923.htm,[“创新 创造 创业”高端论坛],2018-03-30,[]
你所不知道的溥仪——溥仪之母自杀之谜,http://www.hzau.edu.cn/../info/1062/6922.htm,[狮子山讲坛【第259期】],2018-03-30,[]
校园导视系统设计方案,http://www.hzau.edu.cn/../info/1062/6921.htm,[征求意见],2018-03-30,[]
学术规范与科技创新专题讲座,http://www.hzau.edu.cn/../info/1062/6917.htm,[研究生院（部）],2018-03-29,[]
库兴与爱迪森综合症；C-反应蛋白在宠物临床上的应用,http://www.hzau.edu.cn/../info/1062/6914.htm,[创新、创造、创业高端论坛],2018-03-28,[]
中国近代史纲要,http://www.hzau.edu.cn/../info/1062/6913.htm,[第四届名师示范课],2018-03-28,[]
2018年毕业生文管类招聘会,http://www.hzau.edu.cn/../info/1062/6912.htm,[校园招聘],2018-03-28,[]
我的大学,http://www.hzau.edu.cn/../info/1062/6910.htm,[千问计划],2018-03-28,[]
新时代新思想新青年：当代青年要做文化自信价值自信的表率,http://www.hzau.edu.cn/../info/1062/6909.htm,[狮子山讲坛【第258期】],2018-03-28,[]
校友一席谈【第二期】,http://www.hzau.edu.cn/../info/1062/6908.htm,[生命科学技术学院],2018-03-28,[]
DELTA-secretase Mediates the Pathogenesis of Alzheimer's Disease and its Drug Discovery,http://www.hzau.edu.cn/../info/1062/6906.htm,[理学院],2018-03-27,[]
内源性活性小分子的心血管保护及心血管遗传,http://www.hzau.edu.cn/../info/1062/6905.htm,[南湖生物医学讲坛],2018-03-27,[]
水产动物疾病学,http://www.hzau.edu.cn/../info/1062/6901.htm,[第四届名师示范课],2018-03-26,[]
Cryo-EM structure of mammalian endolysosomal TRPML1 channel,http://www.hzau.edu.cn/../info/1062/6900.htm,[分子生物学前沿论坛（第7期）],2018-03-26,[]
狮子山绿道廉洁主题文化小品建设方案,http://www.hzau.edu.cn/../info/1062/6899.htm,[征求意见],2018-03-26,[]
Regulation of calcium influx during mouse egg activation,http://www.hzau.edu.cn/../info/1062/6898.htm,[“创新、创造、创业”高端论坛第23期],2018-03-26,[]
第4周专场招聘会,http://www.hzau.edu.cn/../info/1062/6893.htm,[校园招聘],2018-03-26,[]
静沙无语（中国沙画的兴起）,http://www.hzau.edu.cn/../info/1062/6892.htm,[狮子山艺术讲堂（第16期）],2018-03-26,[]
我们不能没有信仰,http://www.hzau.edu.cn/../info/1062/6891.htm,[狮子山讲坛【第257期】],2018-03-26,[]
乾隆帝政治统治的成功和失败,http://www.hzau.edu.cn/../info/1062/6889.htm,[狮子山讲坛第【256】期],2018-03-25,[]
想在诺奖之后,http://www.hzau.edu.cn/../info/1062/6881.htm,[作物科学高端讲坛],2018-03-23,[]
From genomics to spectroscopy with Chlamydomonas and other algae,http://www.hzau.edu.cn/../info/1062/6875.htm,[生科院整合生物学前沿论坛],2018-03-23,[]
校友一席谈,http://www.hzau.edu.cn/../info/1062/6870.htm,[生命科学技术学院],2018-03-22,[]
“两会”精神学习之大部制改革背景下公共管理学科发展的机遇与挑战,http://www.hzau.edu.cn/../info/1062/6867.htm,[公管学术下午茶系列活动],2018-03-21,[]
开展终结结核行动 共建共享健康中国,http://www.hzau.edu.cn/../info/1062/6866.htm,[校医院],2018-03-21,[]
浅谈驾驭课堂的动力与能力,http://www.hzau.edu.cn/../info/1062/6861.htm,[名师讲坛],2018-03-21,[]
“时令•意远”——方肃意向风景摄影展,http://www.hzau.edu.cn/../info/1062/6860.htm,[艺术馆展讯],2018-03-21,[]
2018届毕业生春季供需见面会,http://www.hzau.edu.cn/../info/1062/6859.htm,,2018-03-21,[]
2018年春季环校园长跑,http://www.hzau.edu.cn/../info/1062/6858.htm,,2018-03-21,[]
学习两会精神 勇担时代责任,http://www.hzau.edu.cn/../info/1062/6857.htm,[共同空间],2018-03-21,[]
工科创新与实训基地项目概念性方案,http://www.hzau.edu.cn/../info/1062/6853.htm,[征求意见],2018-03-20,[]
Anti-CRISPR蛋白抑制SpyCas9活性的机制,http://www.hzau.edu.cn/../info/1062/6852.htm,[整合生物学前沿论坛],2018-03-20,[]
第三周专场招聘会,http://www.hzau.edu.cn/../info/1062/6851.htm,[校园招聘],2018-03-20,[]
农业科技创新综合实验楼、学生公寓（七期）概念性方案,http://www.hzau.edu.cn/../info/1062/6835.htm,[征求意见],2018-03-16,[]
道德模范事迹分享会,http://www.hzau.edu.cn/../info/1062/6834.htm,[榜样的力量],2018-03-16,[]
厉害了我的国,http://www.hzau.edu.cn/../info/1062/6833.htm,[校内影讯],2018-03-16,[]
在线开放课程运行与应用分享,http://www.hzau.edu.cn/../info/1062/6832.htm,[在线开放课程系列培训],2018-03-16,[]
2018光谷生物城专场招聘会,http://www.hzau.edu.cn/../info/1062/6825.htm,[校园招聘],2018-03-15,[]
宋元之际的“射雕英雄”及其家族,http://www.hzau.edu.cn/../info/1062/6821.htm,[狮子山讲坛【第254期】],2018-03-14,[]
中国戏法的传承与发展,http://www.hzau.edu.cn/../info/1062/6817.htm,[狮子山艺术讲堂],2018-03-14,[]
志愿故事会,http://www.hzau.edu.cn/../info/1062/6814.htm,,2018-03-13,[]
智慧农业发展,http://www.hzau.edu.cn/../info/1062/6813.htm,[作物科学高端论坛第十四期],2018-03-12,[]
第2周专场招聘会,http://www.hzau.edu.cn/../info/1062/6803.htm,[校内招聘],2018-03-09,[]
2018届毕业生圆梦职场计划,http://www.hzau.edu.cn/../info/1062/6802.htm,,2018-03-09,[]
梦即生存：汤显祖笔下杜丽娘的生存场域,http://www.hzau.edu.cn/../info/1062/6801.htm,[狮子山讲坛【第253期】],2018-03-09,[]
3月创新创业系列活动,http://www.hzau.edu.cn/../info/1062/6795.htm,[悦创狮山],2018-03-08,[]
职业咨询室开放通知,http://www.hzau.edu.cn/../info/1062/6794.htm,,2018-03-08,[]
2018年上半年心理健康教育与咨询中心开放通知,http://www.hzau.edu.cn/../info/1062/6792.htm,,2018-03-06,[]
2018年上半年大型及中小型组团招聘会安排,http://www.hzau.edu.cn/../info/1062/6791.htm,[校园招聘],2018-03-06,[]
2018中国规模猪场智造论坛,http://www.hzau.edu.cn/../info/1062/6781.htm,[学术论坛],2018-03-06,[]
2018年第三届南湖国际青年科学家论坛公告,http://www.hzau.edu.cn/../info/1062/6714.htm,,2018-02-01,[]
动科动医寒假学术交流会,http://www.hzau.edu.cn/../info/1062/6712.htm,,2018-01-31,[]
第22期“创新、创造、创业”高端论坛,http://www.hzau.edu.cn/../info/1062/6708.htm,[“创新 创造 创业”高端论坛],2018-01-29,[]
基金委重大研究计划集成项目启动会,http://www.hzau.edu.cn/../info/1062/6701.htm,[理学院迎双甲子校庆系列学术活动（第1期）],2018-01-25,[]
2017年度教学质量优秀一等奖评选会,http://www.hzau.edu.cn/../info/1062/6691.htm,[教学质量优秀一等奖评选会],2018-01-22,[]
我国人和非人灵长类隐孢子虫分子流行病学研究进展,http://www.hzau.edu.cn/../info/1062/6686.htm,[“创新 创造 创业”高端论坛],2018-01-22,[]
双酚类物质的甲状腺激素信号干扰和发育毒性,http://www.hzau.edu.cn/../info/1062/6685.htm,[水产新视界],2018-01-22,[]
Genome-wide assisted mating--mating allocation,http://www.hzau.edu.cn/../info/1062/6684.htm,[“创新 创造 创业”高端论坛],2018-01-22,[]
加强心理健康教育 共造和谐师生关系,http://www.hzau.edu.cn/../info/1062/6678.htm,[狮子山导师学校],2018-01-19,[]
一位临床医生眼中癌症治疗的魔与道,http://www.hzau.edu.cn/../info/1062/6677.htm,[南湖生物医学讲坛],2018-01-18,[]
功能核酸检测技术,http://www.hzau.edu.cn/../info/1062/6640.htm,[“创新 创造 创业”高端论坛],2018-01-15,[]
研究生指导教师“教书育人奖”评选,http://www.hzau.edu.cn/../info/1062/6639.htm,,2018-01-15,[]
第二届华中农业大学特色农产品陸個壹品牌展销会,http://www.hzau.edu.cn/../info/1062/6623.htm,,2018-01-10,[]
湖北省博士后发展论坛之博士后基金申报,http://www.hzau.edu.cn/../info/1062/6615.htm,,2018-01-10,[]
科研活动中的实验动物福利与伦理,http://www.hzau.edu.cn/../info/1062/6607.htm,[“创新 创造 创业”高端论坛],2018-01-09,[]
病原细菌三型分泌系统效应蛋白与宿主互作的分子机制,http://www.hzau.edu.cn/../info/1062/6594.htm,[“创新 创造 创业”高端论坛],2018-01-05,[]
从先天免疫到癌症,http://www.hzau.edu.cn/../info/1062/6588.htm,[南湖生物医学讲坛],2018-01-04,[]
2017年研究生“学术希望之星”评选,http://www.hzau.edu.cn/../info/1062/6583.htm,,2018-01-04,[]
教学经验分享会,http://www.hzau.edu.cn/../info/1062/6582.htm,[青椒说课],2018-01-04,[]
