华中农业大学工学院诚聘海内外优秀人才（此招聘长期有效）,http://cet.hzau.edu.cn/info/1020/7875.htm,2019-08-08
2020届毕业生求职指导系列活动,http://cet.hzau.edu.cn/info/1020/8827.htm,2020-04-16
精工讲坛2020年第3期：瘟疫对人类生活和人的影响——读四本书有感,http://cet.hzau.edu.cn/info/1020/8825.htm,2020-04-16
2020届毕业生求职指导系列活动,http://cet.hzau.edu.cn/info/1020/8822.htm,2020-04-14
关于开展工学院“卓阅狮山”读书月系列活动的通知,http://cet.hzau.edu.cn/info/1020/8821.htm,2020-04-11
精工讲坛2020年第2期：从阅读中汲取智慧,http://cet.hzau.edu.cn/info/1020/8806.htm,2020-04-10
工学院2020年“五四评优”拟推荐结果公示,http://cet.hzau.edu.cn/info/1020/8787.htm,2020-04-04
华中农业大学工学院自主科技创新基金项目申报指南,http://cet.hzau.edu.cn/info/1020/8756.htm,2020-03-31
华中农业大学信息工程类2020届毕业生春季空中双选会,http://cet.hzau.edu.cn/info/1020/8752.htm,2020-03-27
2020届毕业生求职指导系列讲座,http://cet.hzau.edu.cn/info/1020/8750.htm,2020-03-26
关于开展“云上风景”疫情期间优秀教育教学案例评选活动的通知,http://cet.hzau.edu.cn/info/1020/8748.htm,2020-03-25
华中农业大学工学院博士后招聘启事,http://cet.hzau.edu.cn/info/1020/8738.htm,2020-03-22
工学院关于2019级本科生转专业名单的公示,http://cet.hzau.edu.cn/info/1020/8575.htm,2020-02-10
华中农业大学关于做好疫情防控期间学位与研究生教育工作的通知-华中农业大学研究生院,http://cet.hzau.edu.cn/info/1020/8588.htm,2020-02-03
工学院2019级本科生申请转专业学院资格审核结果公示,http://cet.hzau.edu.cn/info/1020/8463.htm,2019-12-18
工学院2018-2019学年度本科生先进集体及个人评选结果公示,http://cet.hzau.edu.cn/info/1020/8455.htm,2019-12-16
工学院关于2018-2019学年度班主任考核结果的公示,http://cet.hzau.edu.cn/info/1020/8395.htm,2019-12-04
2019年度工学院研究生指导教师申请人信息公示,http://cet.hzau.edu.cn/info/1020/8390.htm,2019-12-04
工学院2019级本科生转专业考核工作方案,http://cet.hzau.edu.cn/info/1020/8376.htm,2019-12-03
关于工学院领导11月深入课堂听课的通知,http://cet.hzau.edu.cn/info/1020/8270.htm,2019-11-11
公告：华中农业大学关于黄立明同学的退学决定书,http://cet.hzau.edu.cn/info/1020/8243.htm,2019-11-05
关于印发《2018级专业大类分流实施方案》的通知,http://cet.hzau.edu.cn/info/1020/8172.htm,2019-10-22
工学院2019年阳光助学金拟推荐学生名单公示,http://cet.hzau.edu.cn/info/1020/8169.htm,2019-10-20
关于召开教职工大会的通知,http://cet.hzau.edu.cn/info/1020/8135.htm,2019-10-16
工学院2018-2019学年本科生国家奖学金、国家励志奖学金拟推荐学生名单公示,http://cet.hzau.edu.cn/info/1020/8065.htm,2019-10-02
华中农业大学关于做好疫情防控期间学位与研究生教育工作的通知-华中农业大学研究生院,http://cet.hzau.edu.cn/info/1020/8588.htm,2020-02-03
工学院2019级本科生申请转专业学院资格审核结果公示,http://cet.hzau.edu.cn/info/1020/8463.htm,2019-12-18
工学院2018-2019学年度本科生先进集体及个人评选结果公示,http://cet.hzau.edu.cn/info/1020/8455.htm,2019-12-16
工学院关于2018-2019学年度班主任考核结果的公示,http://cet.hzau.edu.cn/info/1020/8395.htm,2019-12-04
2019年度工学院研究生指导教师申请人信息公示,http://cet.hzau.edu.cn/info/1020/8390.htm,2019-12-04
工学院2019级本科生转专业考核工作方案,http://cet.hzau.edu.cn/info/1020/8376.htm,2019-12-03
关于工学院领导11月深入课堂听课的通知,http://cet.hzau.edu.cn/info/1020/8270.htm,2019-11-11
公告：华中农业大学关于黄立明同学的退学决定书,http://cet.hzau.edu.cn/info/1020/8243.htm,2019-11-05
关于印发《2018级专业大类分流实施方案》的通知,http://cet.hzau.edu.cn/info/1020/8172.htm,2019-10-22
工学院2019年阳光助学金拟推荐学生名单公示,http://cet.hzau.edu.cn/info/1020/8169.htm,2019-10-20
关于召开教职工大会的通知,http://cet.hzau.edu.cn/info/1020/8135.htm,2019-10-16
工学院2018-2019学年本科生国家奖学金、国家励志奖学金拟推荐学生名单公示,http://cet.hzau.edu.cn/info/1020/8065.htm,2019-10-02
工学院2019年推免研究生考核结果公示,http://cet.hzau.edu.cn/info/1020/8062.htm,2019-09-30
工学院推荐免试攻读2020级研究生面试考核工作方案,http://cet.hzau.edu.cn/info/1020/8058.htm,2019-09-30
2019-2020-1学期“狮山有约”师生面对面活动安排,http://cet.hzau.edu.cn/info/1020/8034.htm,2019-09-25
关于组织学院干部深入新生课堂听课的通知,http://cet.hzau.edu.cn/info/1020/8028.htm,2019-09-19
工学院2020年推荐免试攻读硕士学位研究生名单公示,http://cet.hzau.edu.cn/info/1020/8025.htm,2019-09-18
华中农业大学工学院2020年推免研究生指标分配,http://cet.hzau.edu.cn/info/1020/8023.htm,2019-09-18
工学院2020年推免研究生直选名单公示,http://cet.hzau.edu.cn/info/1020/8022.htm,2019-09-18
工学院2020年推免研究生入围名单,http://cet.hzau.edu.cn/info/1020/8021.htm,2019-09-18
关于召开支部组织生活会的通知,http://cet.hzau.edu.cn/info/1020/8020.htm,2019-09-18
关于召开工学院全体党员大会的通知,http://cet.hzau.edu.cn/info/1020/8017.htm,2019-09-17
关于召开工学院党委扩大会议暨理论中心组集中学习会的通知,http://cet.hzau.edu.cn/info/1020/8016.htm,2019-09-17
关于公布2019年“双导师计划”支持名单的通知,http://cet.hzau.edu.cn/info/1020/8011.htm,2019-09-16
华中农业大学工学院2020年推荐优秀应届本科毕业生免试攻读硕士学位研究生工作方案,http://cet.hzau.edu.cn/info/1020/8006.htm,2019-09-12
讲座预告,http://cet.hzau.edu.cn/info/1020/7996.htm,2019-09-11
关于聘任2019年青年教师导师的通知,http://cet.hzau.edu.cn/info/1020/7985.htm,2019-09-09
理论中心组扩大会议通知,http://cet.hzau.edu.cn/info/1020/7966.htm,2019-09-06
工学院关于组织学院干部教师深入课堂听课的通知,http://cet.hzau.edu.cn/info/1020/7937.htm,2019-08-30
关于深入班级参加2019-2020学年第一学期收心班会的通知,http://cet.hzau.edu.cn/info/1020/7921.htm,2019-08-27
工学院2019年本科教学秘书面试通过人员名单公示,http://cet.hzau.edu.cn/info/1020/7803.htm,2019-07-18
工学院本科教学秘书（非事业单位编制）面试入围名单公示,http://cet.hzau.edu.cn/info/1020/7782.htm,2019-07-12
2019年工学院青年教师讲课竞赛决赛方案,http://cet.hzau.edu.cn/info/1020/7759.htm,2019-07-08
工学院2019教育思想大讨论征文比赛活动方案,http://cet.hzau.edu.cn/info/1020/7736.htm,2019-07-02
关于召开2019年暑期事业发展研讨会的通知,http://cet.hzau.edu.cn/info/1020/7728.htm,2019-06-28
2019年华中农业大学工学院全国优秀大学生暑期夏令营入选名单公示,http://cet.hzau.edu.cn/info/1020/7721.htm,2019-06-25
华中农业大学工学院招聘启事 （非事业编制劳动合同制）,http://cet.hzau.edu.cn/info/1020/7688.htm,2019-06-12
教职工会议通知,http://cet.hzau.edu.cn/info/1020/7694.htm,2019-06-11
工学院公开答辩安排,http://cet.hzau.edu.cn/info/1020/7681.htm,2019-06-10
工学院公开答辩方案,http://cet.hzau.edu.cn/info/1020/7679.htm,2019-06-10
党委会通知,http://cet.hzau.edu.cn/info/1020/7695.htm,2019-06-06
教职工大会通知（5.30）,http://cet.hzau.edu.cn/info/1020/7636.htm,2019-05-29
2019工学院博士拟录取名单,http://cet.hzau.edu.cn/info/1020/7626.htm,2019-05-24
2019年华中农业大学工学院全国优秀大学生暑期夏令营招生简章,http://cet.hzau.edu.cn/info/1020/7625.htm,2019-05-24
党员大会通知（5.23）,http://cet.hzau.edu.cn/info/1020/7617.htm,2019-05-21
关于开展第二十个党风廉政建设宣传教育月知识测试活动的通知,http://cet.hzau.edu.cn/info/1020/7607.htm,2019-05-20
工学院党委会通知（5.17）,http://cet.hzau.edu.cn/info/1020/7579.htm,2019-05-16
党委理论中心组学习会议（5.17）,http://cet.hzau.edu.cn/info/1020/7609.htm,2019-05-15
2019工学院转博拟录取名单,http://cet.hzau.edu.cn/info/1020/7575.htm,2019-05-15
讲座预告,http://cet.hzau.edu.cn/info/1020/7996.htm,2019-09-11
关于聘任2019年青年教师导师的通知,http://cet.hzau.edu.cn/info/1020/7985.htm,2019-09-09
理论中心组扩大会议通知,http://cet.hzau.edu.cn/info/1020/7966.htm,2019-09-06
工学院关于组织学院干部教师深入课堂听课的通知,http://cet.hzau.edu.cn/info/1020/7937.htm,2019-08-30
关于深入班级参加2019-2020学年第一学期收心班会的通知,http://cet.hzau.edu.cn/info/1020/7921.htm,2019-08-27
工学院2019年本科教学秘书面试通过人员名单公示,http://cet.hzau.edu.cn/info/1020/7803.htm,2019-07-18
工学院本科教学秘书（非事业单位编制）面试入围名单公示,http://cet.hzau.edu.cn/info/1020/7782.htm,2019-07-12
2019年工学院青年教师讲课竞赛决赛方案,http://cet.hzau.edu.cn/info/1020/7759.htm,2019-07-08
工学院2019教育思想大讨论征文比赛活动方案,http://cet.hzau.edu.cn/info/1020/7736.htm,2019-07-02
关于召开2019年暑期事业发展研讨会的通知,http://cet.hzau.edu.cn/info/1020/7728.htm,2019-06-28
2019年华中农业大学工学院全国优秀大学生暑期夏令营入选名单公示,http://cet.hzau.edu.cn/info/1020/7721.htm,2019-06-25
华中农业大学工学院招聘启事 （非事业编制劳动合同制）,http://cet.hzau.edu.cn/info/1020/7688.htm,2019-06-12
教职工会议通知,http://cet.hzau.edu.cn/info/1020/7694.htm,2019-06-11
工学院公开答辩安排,http://cet.hzau.edu.cn/info/1020/7681.htm,2019-06-10
工学院公开答辩方案,http://cet.hzau.edu.cn/info/1020/7679.htm,2019-06-10
党委会通知,http://cet.hzau.edu.cn/info/1020/7695.htm,2019-06-06
教职工大会通知（5.30）,http://cet.hzau.edu.cn/info/1020/7636.htm,2019-05-29
2019工学院博士拟录取名单,http://cet.hzau.edu.cn/info/1020/7626.htm,2019-05-24
2019年华中农业大学工学院全国优秀大学生暑期夏令营招生简章,http://cet.hzau.edu.cn/info/1020/7625.htm,2019-05-24
党员大会通知（5.23）,http://cet.hzau.edu.cn/info/1020/7617.htm,2019-05-21
关于开展第二十个党风廉政建设宣传教育月知识测试活动的通知,http://cet.hzau.edu.cn/info/1020/7607.htm,2019-05-20
工学院党委会通知（5.17）,http://cet.hzau.edu.cn/info/1020/7579.htm,2019-05-16
党委理论中心组学习会议（5.17）,http://cet.hzau.edu.cn/info/1020/7609.htm,2019-05-15
2019工学院转博拟录取名单,http://cet.hzau.edu.cn/info/1020/7575.htm,2019-05-15
英国卡迪夫大学2019年暑期访学项目拟推荐学生公示,http://cet.hzau.edu.cn/info/1020/7564.htm,2019-05-13
工学院2019年党风廉政建设宣传教育月活动方案,http://cet.hzau.edu.cn/info/1020/7637.htm,2019-05-10
关于开展英国卡迪夫大学2019年暑期访学项目通知,http://cet.hzau.edu.cn/info/1020/7558.htm,2019-05-09
教职工大会通知（5月9日）,http://cet.hzau.edu.cn/info/1020/7556.htm,2019-05-09
工学院2019年度校自主科技创新基金结题通知,http://cet.hzau.edu.cn/info/1020/7554.htm,2019-05-08
2019年工学院博士研究生复试录取工作安排,http://cet.hzau.edu.cn/info/1020/7548.htm,2019-05-06
第四届南湖国际青年科学家论坛工学院分论坛议程,http://cet.hzau.edu.cn/info/1020/7546.htm,2019-05-06
关于2019年五一端午期间加强作风建设的通知,http://cet.hzau.edu.cn/info/1020/7534.htm,2019-04-30
2019年工学院本科生转专业复试方案,http://cet.hzau.edu.cn/info/1020/7532.htm,2019-04-29
实验室安全会议通知,http://cet.hzau.edu.cn/info/1020/7470.htm,2019-04-18
工学院2019年遴选优秀研究生赴英国哈珀亚当斯大学访学的通知,http://cet.hzau.edu.cn/info/1020/7464.htm,2019-04-17
工学院分系召开教学研讨会通知(4.17),http://cet.hzau.edu.cn/info/1020/7465.htm,2019-04-17
工学院2019年教育思想大讨论活动实施方案,http://cet.hzau.edu.cn/info/1020/7460.htm,2019-04-17
华中农业大学工学院2019年研究生招生预录取名单（含专业和导师）,http://cet.hzau.edu.cn/info/1020/7458.htm,2019-04-17
工学院参加本科人才培养专题研讨会通知（4.16）,http://cet.hzau.edu.cn/info/1020/7467.htm,2019-04-16
工学院领导班子成员四月听课安排通知,http://cet.hzau.edu.cn/info/1020/7446.htm,2019-04-15
工学院落实巡察整改任务每周一报（2019年4月8日—4月15日）,http://cet.hzau.edu.cn/info/1020/7444.htm,2019-04-15
2019工学院研究生招生调剂预录取名单（非全日制补录）,http://cet.hzau.edu.cn/info/1020/7443.htm,2019-04-15
工学院基层组织负责人会议通知(4.15),http://cet.hzau.edu.cn/info/1020/7466.htm,2019-04-15
2019工学院研究生招生调剂预录取名单,http://cet.hzau.edu.cn/info/1020/7438.htm,2019-04-12
工学院党委会通知（4.15）,http://cet.hzau.edu.cn/info/1020/7437.htm,2019-04-12
工学院党委理论学习中心组通知（4.15）,http://cet.hzau.edu.cn/info/1020/7436.htm,2019-04-12
工学院2019硕士研究生招生复试安排（调剂）,http://cet.hzau.edu.cn/info/1020/7431.htm,2019-04-08
工学院落实巡察整改任务每周一报（2019年4月1日—4日）,http://cet.hzau.edu.cn/info/1020/7429.htm,2019-04-08
2019年3月工学院领导班子成员月度听课情况通报,http://cet.hzau.edu.cn/info/1020/7426.htm,2019-04-04
工学院2019年党风廉政建设宣传教育月活动方案,http://cet.hzau.edu.cn/info/1020/7637.htm,2019-05-10
关于开展英国卡迪夫大学2019年暑期访学项目通知,http://cet.hzau.edu.cn/info/1020/7558.htm,2019-05-09
教职工大会通知（5月9日）,http://cet.hzau.edu.cn/info/1020/7556.htm,2019-05-09
工学院2019年度校自主科技创新基金结题通知,http://cet.hzau.edu.cn/info/1020/7554.htm,2019-05-08
2019年工学院博士研究生复试录取工作安排,http://cet.hzau.edu.cn/info/1020/7548.htm,2019-05-06
第四届南湖国际青年科学家论坛工学院分论坛议程,http://cet.hzau.edu.cn/info/1020/7546.htm,2019-05-06
关于2019年五一端午期间加强作风建设的通知,http://cet.hzau.edu.cn/info/1020/7534.htm,2019-04-30
2019年工学院本科生转专业复试方案,http://cet.hzau.edu.cn/info/1020/7532.htm,2019-04-29
实验室安全会议通知,http://cet.hzau.edu.cn/info/1020/7470.htm,2019-04-18
工学院2019年遴选优秀研究生赴英国哈珀亚当斯大学访学的通知,http://cet.hzau.edu.cn/info/1020/7464.htm,2019-04-17
工学院分系召开教学研讨会通知(4.17),http://cet.hzau.edu.cn/info/1020/7465.htm,2019-04-17
工学院2019年教育思想大讨论活动实施方案,http://cet.hzau.edu.cn/info/1020/7460.htm,2019-04-17
华中农业大学工学院2019年研究生招生预录取名单（含专业和导师）,http://cet.hzau.edu.cn/info/1020/7458.htm,2019-04-17
工学院参加本科人才培养专题研讨会通知（4.16）,http://cet.hzau.edu.cn/info/1020/7467.htm,2019-04-16
工学院领导班子成员四月听课安排通知,http://cet.hzau.edu.cn/info/1020/7446.htm,2019-04-15
工学院落实巡察整改任务每周一报（2019年4月8日—4月15日）,http://cet.hzau.edu.cn/info/1020/7444.htm,2019-04-15
2019工学院研究生招生调剂预录取名单（非全日制补录）,http://cet.hzau.edu.cn/info/1020/7443.htm,2019-04-15
工学院基层组织负责人会议通知(4.15),http://cet.hzau.edu.cn/info/1020/7466.htm,2019-04-15
2019工学院研究生招生调剂预录取名单,http://cet.hzau.edu.cn/info/1020/7438.htm,2019-04-12
工学院党委会通知（4.15）,http://cet.hzau.edu.cn/info/1020/7437.htm,2019-04-12
工学院党委理论学习中心组通知（4.15）,http://cet.hzau.edu.cn/info/1020/7436.htm,2019-04-12
工学院2019硕士研究生招生复试安排（调剂）,http://cet.hzau.edu.cn/info/1020/7431.htm,2019-04-08
工学院落实巡察整改任务每周一报（2019年4月1日—4日）,http://cet.hzau.edu.cn/info/1020/7429.htm,2019-04-08
2019年3月工学院领导班子成员月度听课情况通报,http://cet.hzau.edu.cn/info/1020/7426.htm,2019-04-04
​华中农业大学工学院2019调剂研究生复试名单,http://cet.hzau.edu.cn/info/1020/7425.htm,2019-04-04
紧急通知,http://cet.hzau.edu.cn/info/1020/7419.htm,2019-04-03
华中农业大学工学院2019年硕士研究生复试录取工作方案（调剂）,http://cet.hzau.edu.cn/info/1020/7415.htm,2019-04-03
2019工学院研究生招生第一志愿预录取名单,http://cet.hzau.edu.cn/info/1020/7412.htm,2019-04-03
工学院落实巡察整改任务每周一报（2019年3月24日—31日）,http://cet.hzau.edu.cn/info/1020/7408.htm,2019-04-02
华中农业大学工学院第十四届青年教师讲课竞赛预赛实施方案,http://cet.hzau.edu.cn/info/1020/7409.htm,2019-03-29
2019年青年教师导师制实施安排方案,http://cet.hzau.edu.cn/info/1020/7448.htm,2019-03-29
“精工大讲堂”系列学术文化讲座——圆形的音乐,http://cet.hzau.edu.cn/info/1020/7397.htm,2019-03-28
工学院关于开展师生党支部共建工作的通知,http://cet.hzau.edu.cn/info/1020/7411.htm,2019-03-28
工学院2019硕士研究生招生复试安排（第一志愿）,http://cet.hzau.edu.cn/info/1020/7388.htm,2019-03-28
“精工大讲堂”系列学术文化讲座——我在中东的日子：漫谈中东文化,http://cet.hzau.edu.cn/info/1020/7387.htm,2019-03-27
华中农业大学工学院2019第一志愿研究生复试名单,http://cet.hzau.edu.cn/info/1020/7374.htm,2019-03-25
华中农业大学工学院2019年硕士研究生复试录取工作方案（第一志愿）,http://cet.hzau.edu.cn/info/1020/7372.htm,2019-03-25
工学院落实巡察整改任务每周一报（2019年3月18日-22日）,http://cet.hzau.edu.cn/info/1020/7370.htm,2019-03-25
学院学术委员会会议通知,http://cet.hzau.edu.cn/info/1020/7365.htm,2019-03-22
教工大会通知（3.21）,http://cet.hzau.edu.cn/info/1020/7358.htm,2019-03-20
工学院领导班子成员三月听课安排通知,http://cet.hzau.edu.cn/info/1020/7353.htm,2019-03-20
工学院党委会通知,http://cet.hzau.edu.cn/info/1020/7345.htm,2019-03-20
工学院党委理论学习中心组通知,http://cet.hzau.edu.cn/info/1020/7343.htm,2019-03-20
工学院落实巡察整改任务每周一报（2019年3月11日-3月15日）,http://cet.hzau.edu.cn/info/1020/7330.htm,2019-03-18
华中农业大学“你说我听大家评”农业机械化及其自动化专业课程体系研讨会通知,http://cet.hzau.edu.cn/info/1020/7307.htm,2019-03-13
工学院党委关于同意各本科生党支部委员会换届选举结果的批复,http://cet.hzau.edu.cn/info/1020/7293.htm,2019-03-12
工学院落实巡察整改任务每周一报（2019年3月4日-3月8日）,http://cet.hzau.edu.cn/info/1020/7290.htm,2019-03-11
学科建设务虚会议通知,http://cet.hzau.edu.cn/info/1020/7285.htm,2019-03-07
教工党支部委员工作会议通知,http://cet.hzau.edu.cn/info/1020/7273.htm,2019-03-06
紧急通知,http://cet.hzau.edu.cn/info/1020/7419.htm,2019-04-03
华中农业大学工学院2019年硕士研究生复试录取工作方案（调剂）,http://cet.hzau.edu.cn/info/1020/7415.htm,2019-04-03
2019工学院研究生招生第一志愿预录取名单,http://cet.hzau.edu.cn/info/1020/7412.htm,2019-04-03
工学院落实巡察整改任务每周一报（2019年3月24日—31日）,http://cet.hzau.edu.cn/info/1020/7408.htm,2019-04-02
华中农业大学工学院第十四届青年教师讲课竞赛预赛实施方案,http://cet.hzau.edu.cn/info/1020/7409.htm,2019-03-29
2019年青年教师导师制实施安排方案,http://cet.hzau.edu.cn/info/1020/7448.htm,2019-03-29
“精工大讲堂”系列学术文化讲座——圆形的音乐,http://cet.hzau.edu.cn/info/1020/7397.htm,2019-03-28
工学院关于开展师生党支部共建工作的通知,http://cet.hzau.edu.cn/info/1020/7411.htm,2019-03-28
工学院2019硕士研究生招生复试安排（第一志愿）,http://cet.hzau.edu.cn/info/1020/7388.htm,2019-03-28
“精工大讲堂”系列学术文化讲座——我在中东的日子：漫谈中东文化,http://cet.hzau.edu.cn/info/1020/7387.htm,2019-03-27
华中农业大学工学院2019第一志愿研究生复试名单,http://cet.hzau.edu.cn/info/1020/7374.htm,2019-03-25
华中农业大学工学院2019年硕士研究生复试录取工作方案（第一志愿）,http://cet.hzau.edu.cn/info/1020/7372.htm,2019-03-25
工学院落实巡察整改任务每周一报（2019年3月18日-22日）,http://cet.hzau.edu.cn/info/1020/7370.htm,2019-03-25
学院学术委员会会议通知,http://cet.hzau.edu.cn/info/1020/7365.htm,2019-03-22
教工大会通知（3.21）,http://cet.hzau.edu.cn/info/1020/7358.htm,2019-03-20
工学院领导班子成员三月听课安排通知,http://cet.hzau.edu.cn/info/1020/7353.htm,2019-03-20
工学院党委会通知,http://cet.hzau.edu.cn/info/1020/7345.htm,2019-03-20
工学院党委理论学习中心组通知,http://cet.hzau.edu.cn/info/1020/7343.htm,2019-03-20
工学院落实巡察整改任务每周一报（2019年3月11日-3月15日）,http://cet.hzau.edu.cn/info/1020/7330.htm,2019-03-18
华中农业大学“你说我听大家评”农业机械化及其自动化专业课程体系研讨会通知,http://cet.hzau.edu.cn/info/1020/7307.htm,2019-03-13
工学院党委关于同意各本科生党支部委员会换届选举结果的批复,http://cet.hzau.edu.cn/info/1020/7293.htm,2019-03-12
工学院落实巡察整改任务每周一报（2019年3月4日-3月8日）,http://cet.hzau.edu.cn/info/1020/7290.htm,2019-03-11
学科建设务虚会议通知,http://cet.hzau.edu.cn/info/1020/7285.htm,2019-03-07
教工党支部委员工作会议通知,http://cet.hzau.edu.cn/info/1020/7273.htm,2019-03-06
教工党支部组织生活通知  ,http://cet.hzau.edu.cn/info/1020/7272.htm,2019-03-06
   《精工大讲堂》系列学术活动——“高教杯”全国大学生先进制图技术与技能大赛讲座,http://cet.hzau.edu.cn/info/1020/7271.htm,2019-03-04
学院党委会通知,http://cet.hzau.edu.cn/info/1020/7265.htm,2019-03-03
工学院落实巡察整改任务每周一报（2019年2月25日-3月1日）,http://cet.hzau.edu.cn/info/1020/7257.htm,2019-03-02
关于学院党委委员参加学生党支部活动的通知,http://cet.hzau.edu.cn/info/1020/7253.htm,2019-03-01
关于召开工学院青年教师基金申报评审指导会议的通知,http://cet.hzau.edu.cn/info/1020/7246.htm,2019-02-27
工学院教工党支部组织活动通知,http://cet.hzau.edu.cn/info/1020/7244.htm,2019-02-26
工学院关于2018-2019-2学期第二周研究生听课活动的通知,http://cet.hzau.edu.cn/info/1020/7240.htm,2019-02-26
工学院落实巡察整改任务每周一报（2019年2月15日-22日）,http://cet.hzau.edu.cn/info/1020/7235.htm,2019-02-22
教职工大会通知（2月21日）,http://cet.hzau.edu.cn/info/1020/7228.htm,2019-02-20
巡察整改工作部署会议通知,http://cet.hzau.edu.cn/info/1020/7211.htm,2019-02-18
工学院关于组织学院干部教师2018-2019-2学期听课活动的通知,http://cet.hzau.edu.cn/info/1020/7199.htm,2019-02-16
关于深入班级参加2018-2019学年第二学期收心班会的通知,http://cet.hzau.edu.cn/info/1020/7198.htm,2019-02-15
安全检查通知,http://cet.hzau.edu.cn/info/1020/7187.htm,2019-01-21
关于开展工学院2018年学生党支部组织生活会和开展民主评议党员的通知,http://cet.hzau.edu.cn/info/1020/7247.htm,2019-01-15
关于征集2018年度学校和学院领导班子及成员民主生活会意见建议的通知,http://cet.hzau.edu.cn/info/1020/7155.htm,2019-01-08
工学院关于2018年度述职测评及年度考核工作的通知,http://cet.hzau.edu.cn/info/1020/7154.htm,2019-01-08
工学院党委会通知（1.8）,http://cet.hzau.edu.cn/info/1020/7156.htm,2019-01-07
会议通知（1.4）,http://cet.hzau.edu.cn/info/1020/7147.htm,2019-01-03
工学院党委理论中心组第8次集体学习活动通知,http://cet.hzau.edu.cn/info/1020/7137.htm,2018-12-28
教职工大会通知（12.29）,http://cet.hzau.edu.cn/info/1020/7124.htm,2018-12-28
学院安全检查通知,http://cet.hzau.edu.cn/info/1020/7138.htm,2018-12-28
工学院2018年度教工党支部书记、大学生党总支书记抓党建述职评议考核工作方案,http://cet.hzau.edu.cn/info/1020/7123.htm,2018-12-28
工学院2014至2018岗位聘期考核委员会会议通知,http://cet.hzau.edu.cn/info/1020/7121.htm,2018-12-26
工学院2014至2018年岗位聘期考核材料公示的通知,http://cet.hzau.edu.cn/info/1020/7115.htm,2018-12-25
   《精工大讲堂》系列学术活动——“高教杯”全国大学生先进制图技术与技能大赛讲座,http://cet.hzau.edu.cn/info/1020/7271.htm,2019-03-04
学院党委会通知,http://cet.hzau.edu.cn/info/1020/7265.htm,2019-03-03
工学院落实巡察整改任务每周一报（2019年2月25日-3月1日）,http://cet.hzau.edu.cn/info/1020/7257.htm,2019-03-02
关于学院党委委员参加学生党支部活动的通知,http://cet.hzau.edu.cn/info/1020/7253.htm,2019-03-01
关于召开工学院青年教师基金申报评审指导会议的通知,http://cet.hzau.edu.cn/info/1020/7246.htm,2019-02-27
工学院教工党支部组织活动通知,http://cet.hzau.edu.cn/info/1020/7244.htm,2019-02-26
工学院关于2018-2019-2学期第二周研究生听课活动的通知,http://cet.hzau.edu.cn/info/1020/7240.htm,2019-02-26
工学院落实巡察整改任务每周一报（2019年2月15日-22日）,http://cet.hzau.edu.cn/info/1020/7235.htm,2019-02-22
教职工大会通知（2月21日）,http://cet.hzau.edu.cn/info/1020/7228.htm,2019-02-20
巡察整改工作部署会议通知,http://cet.hzau.edu.cn/info/1020/7211.htm,2019-02-18
工学院关于组织学院干部教师2018-2019-2学期听课活动的通知,http://cet.hzau.edu.cn/info/1020/7199.htm,2019-02-16
关于深入班级参加2018-2019学年第二学期收心班会的通知,http://cet.hzau.edu.cn/info/1020/7198.htm,2019-02-15
安全检查通知,http://cet.hzau.edu.cn/info/1020/7187.htm,2019-01-21
关于开展工学院2018年学生党支部组织生活会和开展民主评议党员的通知,http://cet.hzau.edu.cn/info/1020/7247.htm,2019-01-15
关于征集2018年度学校和学院领导班子及成员民主生活会意见建议的通知,http://cet.hzau.edu.cn/info/1020/7155.htm,2019-01-08
工学院关于2018年度述职测评及年度考核工作的通知,http://cet.hzau.edu.cn/info/1020/7154.htm,2019-01-08
工学院党委会通知（1.8）,http://cet.hzau.edu.cn/info/1020/7156.htm,2019-01-07
会议通知（1.4）,http://cet.hzau.edu.cn/info/1020/7147.htm,2019-01-03
工学院党委理论中心组第8次集体学习活动通知,http://cet.hzau.edu.cn/info/1020/7137.htm,2018-12-28
教职工大会通知（12.29）,http://cet.hzau.edu.cn/info/1020/7124.htm,2018-12-28
学院安全检查通知,http://cet.hzau.edu.cn/info/1020/7138.htm,2018-12-28
工学院2018年度教工党支部书记、大学生党总支书记抓党建述职评议考核工作方案,http://cet.hzau.edu.cn/info/1020/7123.htm,2018-12-28
工学院2014至2018岗位聘期考核委员会会议通知,http://cet.hzau.edu.cn/info/1020/7121.htm,2018-12-26
工学院2014至2018年岗位聘期考核材料公示的通知,http://cet.hzau.edu.cn/info/1020/7115.htm,2018-12-25
校党委第一巡察组结束巡察进驻工作公告,http://cet.hzau.edu.cn/info/1020/7114.htm,2018-12-25
工学院开展国家自然科学基金项目2018年度结题检查的通知,http://cet.hzau.edu.cn/info/1020/7112.htm,2018-12-24
工学院开展国家自然科学基金项目2018年度项目进展检查的通知,http://cet.hzau.edu.cn/info/1020/7111.htm,2018-12-24
关于教师党支部开展主题党日活动的通知,http://cet.hzau.edu.cn/info/1020/7098.htm,2018-12-18
教职工党员大会（12.17）,http://cet.hzau.edu.cn/info/1020/7096.htm,2018-12-17
工学院党委会通知(12.17),http://cet.hzau.edu.cn/info/1020/7091.htm,2018-12-14
工学院2017级机械类专业分班分流情况公示,http://cet.hzau.edu.cn/info/1020/7081.htm,2018-12-13
工学院2017级农业工程专业分班分流情况公示,http://cet.hzau.edu.cn/info/1020/7078.htm,2018-12-13
我校工学院师生在2018全国大赛中斩获佳绩,http://cet.hzau.edu.cn/info/1020/7069.htm,2018-12-12
关于对工学院开展校内巡察的公告,http://cet.hzau.edu.cn/info/1020/7089.htm,2018-12-11
工学院关于召开巡察工作动员部署会议的通知    ,http://cet.hzau.edu.cn/info/1020/7058.htm,2018-12-07
教职工党员大会通知,http://cet.hzau.edu.cn/info/1020/7053.htm,2018-12-05
工学院教职工大会通知,http://cet.hzau.edu.cn/info/1020/7054.htm,2018-12-05
工学院党委理论中心组集体学习通知,http://cet.hzau.edu.cn/info/1020/7037.htm,2018-12-03
工学院党委会通知,http://cet.hzau.edu.cn/info/1020/7036.htm,2018-12-03
工学院2018年度研究生指导教师遴选 申报名单公示,http://cet.hzau.edu.cn/info/1020/7023.htm,2018-11-30
教工党员党课通知,http://cet.hzau.edu.cn/info/1020/7027.htm,2018-11-29
教职工大会通知,http://cet.hzau.edu.cn/info/1020/7000.htm,2018-11-22
工学院2019年大学生科技创新基金申报项目遴选工作方案,http://cet.hzau.edu.cn/info/1020/6998.htm,2018-11-21
工学院2018-2019学年第一学期期中教学检查安排,http://cet.hzau.edu.cn/info/1020/6997.htm,2018-11-21
 首聘期考核公示,http://cet.hzau.edu.cn/info/1020/6990.htm,2018-11-21
工学院现代农场虚拟仿真实验教学系统采购结果公告,http://cet.hzau.edu.cn/info/1020/6975.htm,2018-11-14
工学院2017级机械类、农业工程类 专业分流实施方案,http://cet.hzau.edu.cn/info/1020/6961.htm,2018-11-06
​教职工党员主题党日活动通知   ,http://cet.hzau.edu.cn/info/1020/6954.htm,2018-10-31
教工党支部组织活动通知,http://cet.hzau.edu.cn/info/1020/6918.htm,2018-10-17
工学院开展国家自然科学基金项目2018年度结题检查的通知,http://cet.hzau.edu.cn/info/1020/7112.htm,2018-12-24
工学院开展国家自然科学基金项目2018年度项目进展检查的通知,http://cet.hzau.edu.cn/info/1020/7111.htm,2018-12-24
关于教师党支部开展主题党日活动的通知,http://cet.hzau.edu.cn/info/1020/7098.htm,2018-12-18
教职工党员大会（12.17）,http://cet.hzau.edu.cn/info/1020/7096.htm,2018-12-17
工学院党委会通知(12.17),http://cet.hzau.edu.cn/info/1020/7091.htm,2018-12-14
工学院2017级机械类专业分班分流情况公示,http://cet.hzau.edu.cn/info/1020/7081.htm,2018-12-13
工学院2017级农业工程专业分班分流情况公示,http://cet.hzau.edu.cn/info/1020/7078.htm,2018-12-13
我校工学院师生在2018全国大赛中斩获佳绩,http://cet.hzau.edu.cn/info/1020/7069.htm,2018-12-12
关于对工学院开展校内巡察的公告,http://cet.hzau.edu.cn/info/1020/7089.htm,2018-12-11
工学院关于召开巡察工作动员部署会议的通知    ,http://cet.hzau.edu.cn/info/1020/7058.htm,2018-12-07
教职工党员大会通知,http://cet.hzau.edu.cn/info/1020/7053.htm,2018-12-05
工学院教职工大会通知,http://cet.hzau.edu.cn/info/1020/7054.htm,2018-12-05
工学院党委理论中心组集体学习通知,http://cet.hzau.edu.cn/info/1020/7037.htm,2018-12-03
工学院党委会通知,http://cet.hzau.edu.cn/info/1020/7036.htm,2018-12-03
工学院2018年度研究生指导教师遴选 申报名单公示,http://cet.hzau.edu.cn/info/1020/7023.htm,2018-11-30
教工党员党课通知,http://cet.hzau.edu.cn/info/1020/7027.htm,2018-11-29
教职工大会通知,http://cet.hzau.edu.cn/info/1020/7000.htm,2018-11-22
工学院2019年大学生科技创新基金申报项目遴选工作方案,http://cet.hzau.edu.cn/info/1020/6998.htm,2018-11-21
工学院2018-2019学年第一学期期中教学检查安排,http://cet.hzau.edu.cn/info/1020/6997.htm,2018-11-21
 首聘期考核公示,http://cet.hzau.edu.cn/info/1020/6990.htm,2018-11-21
工学院现代农场虚拟仿真实验教学系统采购结果公告,http://cet.hzau.edu.cn/info/1020/6975.htm,2018-11-14
工学院2017级机械类、农业工程类 专业分流实施方案,http://cet.hzau.edu.cn/info/1020/6961.htm,2018-11-06
​教职工党员主题党日活动通知   ,http://cet.hzau.edu.cn/info/1020/6954.htm,2018-10-31
教工党支部组织活动通知,http://cet.hzau.edu.cn/info/1020/6918.htm,2018-10-17
工学院色选机采购结果公告,http://cet.hzau.edu.cn/info/1020/6915.htm,2018-10-17
教职工大会通知  ,http://cet.hzau.edu.cn/info/1020/6893.htm,2018-10-10
工学院2017-2018学年本科生国家奖学金、国家励志奖学金拟推荐学生名单公示,http://cet.hzau.edu.cn/info/1020/6860.htm,2018-10-07
工学院关于组织中层干部及新教师下课堂听课及研讨活动的通知,http://cet.hzau.edu.cn/info/1020/6852.htm,2018-09-30
科研数据共享平台采购商务谈判结果公示,http://cet.hzau.edu.cn/info/1020/6834.htm,2018-09-27
教工党员活动通知,http://cet.hzau.edu.cn/info/1020/6832.htm,2018-09-26
校友回校座谈会通知,http://cet.hzau.edu.cn/info/1020/6804.htm,2018-09-21
工学院关于组织中层干部及新教师下课堂听课及研讨活动的通知,http://cet.hzau.edu.cn/info/1020/6803.htm,2018-09-21
华中农业大学工学院 2019年推免研究生优质生源奖励暂行办法,http://cet.hzau.edu.cn/info/1020/6797.htm,2018-09-21
教职工大会通知,http://cet.hzau.edu.cn/info/1020/6783.htm,2018-09-19
华中农业大学工学院2019年推荐免试攻读硕士学位研究生名单,http://cet.hzau.edu.cn/info/1020/6778.htm,2018-09-18
华中农业大学工学院2019年推免研究生指标分配,http://cet.hzau.edu.cn/info/1020/6774.htm,2018-09-18
院党委理论学习中心组集体学习活动通知,http://cet.hzau.edu.cn/info/1020/6785.htm,2018-09-18
学院党委会会议通知,http://cet.hzau.edu.cn/info/1020/6784.htm,2018-09-18
工学院2019年推免研究生直选名单,http://cet.hzau.edu.cn/info/1020/6768.htm,2018-09-15
工学院2019年推免研究生入围名单,http://cet.hzau.edu.cn/info/1020/6767.htm,2018-09-15
工学院端淬试验机采购结果公告,http://cet.hzau.edu.cn/info/1020/6761.htm,2018-09-13
华中农业大学工学院2019年推荐优秀应届本科毕业生免试攻读硕士学位研究生工作方案,http://cet.hzau.edu.cn/info/1020/6760.htm,2018-09-11
校友联络员会议通知,http://cet.hzau.edu.cn/info/1020/6753.htm,2018-09-10
学术委员会会议通知,http://cet.hzau.edu.cn/info/1020/6752.htm,2018-09-10
会议通知,http://cet.hzau.edu.cn/info/1020/6740.htm,2018-09-05
工学院关于组织学院干部教师到课堂听课活动的通知,http://cet.hzau.edu.cn/info/1020/6729.htm,2018-08-31
华中农业大学工学院60周年院庆公告,http://cet.hzau.edu.cn/info/1020/6717.htm,2018-08-30
工学院关于组织教授等人员到班级开展导学工作的通知,http://cet.hzau.edu.cn/info/1020/6719.htm,2018-08-28
关于组织召开2018-2019学年第一学期收心班会的通知,http://cet.hzau.edu.cn/info/1020/6711.htm,2018-08-28
教职工大会通知  ,http://cet.hzau.edu.cn/info/1020/6893.htm,2018-10-10
工学院2017-2018学年本科生国家奖学金、国家励志奖学金拟推荐学生名单公示,http://cet.hzau.edu.cn/info/1020/6860.htm,2018-10-07
工学院关于组织中层干部及新教师下课堂听课及研讨活动的通知,http://cet.hzau.edu.cn/info/1020/6852.htm,2018-09-30
科研数据共享平台采购商务谈判结果公示,http://cet.hzau.edu.cn/info/1020/6834.htm,2018-09-27
教工党员活动通知,http://cet.hzau.edu.cn/info/1020/6832.htm,2018-09-26
校友回校座谈会通知,http://cet.hzau.edu.cn/info/1020/6804.htm,2018-09-21
工学院关于组织中层干部及新教师下课堂听课及研讨活动的通知,http://cet.hzau.edu.cn/info/1020/6803.htm,2018-09-21
华中农业大学工学院 2019年推免研究生优质生源奖励暂行办法,http://cet.hzau.edu.cn/info/1020/6797.htm,2018-09-21
教职工大会通知,http://cet.hzau.edu.cn/info/1020/6783.htm,2018-09-19
华中农业大学工学院2019年推荐免试攻读硕士学位研究生名单,http://cet.hzau.edu.cn/info/1020/6778.htm,2018-09-18
华中农业大学工学院2019年推免研究生指标分配,http://cet.hzau.edu.cn/info/1020/6774.htm,2018-09-18
院党委理论学习中心组集体学习活动通知,http://cet.hzau.edu.cn/info/1020/6785.htm,2018-09-18
学院党委会会议通知,http://cet.hzau.edu.cn/info/1020/6784.htm,2018-09-18
工学院2019年推免研究生直选名单,http://cet.hzau.edu.cn/info/1020/6768.htm,2018-09-15
工学院2019年推免研究生入围名单,http://cet.hzau.edu.cn/info/1020/6767.htm,2018-09-15
工学院端淬试验机采购结果公告,http://cet.hzau.edu.cn/info/1020/6761.htm,2018-09-13
华中农业大学工学院2019年推荐优秀应届本科毕业生免试攻读硕士学位研究生工作方案,http://cet.hzau.edu.cn/info/1020/6760.htm,2018-09-11
校友联络员会议通知,http://cet.hzau.edu.cn/info/1020/6753.htm,2018-09-10
学术委员会会议通知,http://cet.hzau.edu.cn/info/1020/6752.htm,2018-09-10
会议通知,http://cet.hzau.edu.cn/info/1020/6740.htm,2018-09-05
工学院关于组织学院干部教师到课堂听课活动的通知,http://cet.hzau.edu.cn/info/1020/6729.htm,2018-08-31
华中农业大学工学院60周年院庆公告,http://cet.hzau.edu.cn/info/1020/6717.htm,2018-08-30
工学院关于组织教授等人员到班级开展导学工作的通知,http://cet.hzau.edu.cn/info/1020/6719.htm,2018-08-28
关于组织召开2018-2019学年第一学期收心班会的通知,http://cet.hzau.edu.cn/info/1020/6711.htm,2018-08-28
工学院校庆（院庆）筹备冲刺阶段及庆典活动任务及分工,http://cet.hzau.edu.cn/info/1020/6710.htm,2018-08-24
党员会议通知,http://cet.hzau.edu.cn/info/1020/6681.htm,2018-07-26
教工支部委员会议通知,http://cet.hzau.edu.cn/info/1020/6680.htm,2018-07-26
2018年华中农业大学工学院全国优秀大学生暑期夏令营入选名单公示,http://cet.hzau.edu.cn/info/1020/6656.htm,2018-07-04
工学院农业部柑橘全程机械化科研基地装备信息查询平台采购商务谈判结果公告,http://cet.hzau.edu.cn/info/1020/6651.htm,2018-06-29
工学院Maya2000pro光谱仪采购商务谈判结果公告,http://cet.hzau.edu.cn/info/1020/6637.htm,2018-06-15
工学院2018年预算明细公开,http://cet.hzau.edu.cn/info/1020/6662.htm,2018-06-11
2018年华中农业大学工学院全国优秀大学生暑期夏令营招生简章,http://cet.hzau.edu.cn/info/1020/6616.htm,2018-06-04
工学院植保无人机、电机模块及电池等采购商务谈判结果公示,http://cet.hzau.edu.cn/info/1020/6613.htm,2018-06-01
南湖青年国际科学家论坛工学院分论坛暨国际视域下的农业工程学科发展与展望学术报告会预告,http://cet.hzau.edu.cn/info/1020/6564.htm,2018-05-09
2018工学院研究生招生调剂补录预录取名单（含专业和导师）,http://cet.hzau.edu.cn/info/1020/6518.htm,2018-04-19
华中农业大学工学院2018调剂研究生复试名单（补录）,http://cet.hzau.edu.cn/info/1020/6515.htm,2018-04-18
华中农业大学工学院2018年研究生招生预录取名单 （含专业和导师）,http://cet.hzau.edu.cn/info/1020/6508.htm,2018-04-16
2018工学院研究生招生调剂预录取名单,http://cet.hzau.edu.cn/info/1020/6497.htm,2018-04-12
华中农业大学工学院2018调剂研究生复试名单（非全日制补充）,http://cet.hzau.edu.cn/info/1020/6495.htm,2018-04-10
工学院2018硕士研究生招生复试安排（调剂）,http://cet.hzau.edu.cn/info/1020/6483.htm,2018-04-08
华中农业大学工学院2018调剂研究生复试名单,http://cet.hzau.edu.cn/info/1020/6480.htm,2018-04-04
华中农业大学工学院2018年硕士研究生复试录取工作方案（调剂）,http://cet.hzau.edu.cn/info/1020/6479.htm,2018-04-04
工学院植保无人机及GNSS模块采购商务谈判结果公告,http://cet.hzau.edu.cn/info/1020/6469.htm,2018-04-03
2018年华中农业大学工学院硕士研究生招生调剂信息汇总,http://cet.hzau.edu.cn/info/1020/6460.htm,2018-04-02
2018 工学院研究生招生第一志愿预录取名单 ,http://cet.hzau.edu.cn/info/1020/6458.htm,2018-04-02
工学院2018硕士研究生招生复试安排（第一志愿）,http://cet.hzau.edu.cn/info/1020/6437.htm,2018-03-27
华中农业大学工学院2018第一志愿研究生复试名单,http://cet.hzau.edu.cn/info/1020/6409.htm,2018-03-23
华中农业大学工学院2018年硕士研究生复试录取工作方案（第一志愿）,http://cet.hzau.edu.cn/info/1020/6408.htm,2018-03-23
关于举办第八届全国大学生机械创新设计大赛校内中期评审有关工作的通知,http://cet.hzau.edu.cn/info/1020/6406.htm,2018-03-22
党员会议通知,http://cet.hzau.edu.cn/info/1020/6681.htm,2018-07-26
教工支部委员会议通知,http://cet.hzau.edu.cn/info/1020/6680.htm,2018-07-26
2018年华中农业大学工学院全国优秀大学生暑期夏令营入选名单公示,http://cet.hzau.edu.cn/info/1020/6656.htm,2018-07-04
工学院农业部柑橘全程机械化科研基地装备信息查询平台采购商务谈判结果公告,http://cet.hzau.edu.cn/info/1020/6651.htm,2018-06-29
工学院Maya2000pro光谱仪采购商务谈判结果公告,http://cet.hzau.edu.cn/info/1020/6637.htm,2018-06-15
工学院2018年预算明细公开,http://cet.hzau.edu.cn/info/1020/6662.htm,2018-06-11
2018年华中农业大学工学院全国优秀大学生暑期夏令营招生简章,http://cet.hzau.edu.cn/info/1020/6616.htm,2018-06-04
工学院植保无人机、电机模块及电池等采购商务谈判结果公示,http://cet.hzau.edu.cn/info/1020/6613.htm,2018-06-01
南湖青年国际科学家论坛工学院分论坛暨国际视域下的农业工程学科发展与展望学术报告会预告,http://cet.hzau.edu.cn/info/1020/6564.htm,2018-05-09
2018工学院研究生招生调剂补录预录取名单（含专业和导师）,http://cet.hzau.edu.cn/info/1020/6518.htm,2018-04-19
华中农业大学工学院2018调剂研究生复试名单（补录）,http://cet.hzau.edu.cn/info/1020/6515.htm,2018-04-18
华中农业大学工学院2018年研究生招生预录取名单 （含专业和导师）,http://cet.hzau.edu.cn/info/1020/6508.htm,2018-04-16
2018工学院研究生招生调剂预录取名单,http://cet.hzau.edu.cn/info/1020/6497.htm,2018-04-12
华中农业大学工学院2018调剂研究生复试名单（非全日制补充）,http://cet.hzau.edu.cn/info/1020/6495.htm,2018-04-10
工学院2018硕士研究生招生复试安排（调剂）,http://cet.hzau.edu.cn/info/1020/6483.htm,2018-04-08
华中农业大学工学院2018调剂研究生复试名单,http://cet.hzau.edu.cn/info/1020/6480.htm,2018-04-04
华中农业大学工学院2018年硕士研究生复试录取工作方案（调剂）,http://cet.hzau.edu.cn/info/1020/6479.htm,2018-04-04
工学院植保无人机及GNSS模块采购商务谈判结果公告,http://cet.hzau.edu.cn/info/1020/6469.htm,2018-04-03
2018年华中农业大学工学院硕士研究生招生调剂信息汇总,http://cet.hzau.edu.cn/info/1020/6460.htm,2018-04-02
2018 工学院研究生招生第一志愿预录取名单 ,http://cet.hzau.edu.cn/info/1020/6458.htm,2018-04-02
工学院2018硕士研究生招生复试安排（第一志愿）,http://cet.hzau.edu.cn/info/1020/6437.htm,2018-03-27
华中农业大学工学院2018第一志愿研究生复试名单,http://cet.hzau.edu.cn/info/1020/6409.htm,2018-03-23
华中农业大学工学院2018年硕士研究生复试录取工作方案（第一志愿）,http://cet.hzau.edu.cn/info/1020/6408.htm,2018-03-23
关于举办第八届全国大学生机械创新设计大赛校内中期评审有关工作的通知,http://cet.hzau.edu.cn/info/1020/6406.htm,2018-03-22
工学院党委关于同意各教工党支部委员会换届选举结果的批复,http://cet.hzau.edu.cn/info/1020/6379.htm,2018-03-13
工学院关于李善军等同志任职的通知,http://cet.hzau.edu.cn/info/1020/6378.htm,2018-03-13
工学院2017年度考核工作的通知,http://cet.hzau.edu.cn/info/1020/6253.htm,2018-01-06
工学院机耕船采购商务谈判结果公告,http://cet.hzau.edu.cn/info/1020/6251.htm,2018-01-03
液压折叠宽幅旋耕机设备采购商务谈判结果公告,http://cet.hzau.edu.cn/info/1020/6250.htm,2017-12-26
示波器设备采购商务谈判结果公告,http://cet.hzau.edu.cn/info/1020/6249.htm,2017-12-20
工学院关于推荐申报工勤技能二级（技师）岗位的公示,http://cet.hzau.edu.cn/info/1020/6247.htm,2017-12-11
热工学相关系数测定装置采购商务谈判结果公示,http://cet.hzau.edu.cn/info/1020/6149.htm,2017-11-13
2017华中农业大学《机械制图》竞赛方案,http://cet.hzau.edu.cn/info/1020/6148.htm,2017-11-09
标准长度量块及齿轮双面啮合综测仪一批采购商务谈判结果公示,http://cet.hzau.edu.cn/info/1020/6147.htm,2017-11-06
采购3D打印机等设备商务谈判结果公告,http://cet.hzau.edu.cn/info/1020/6146.htm,2017-11-02
收割机设备采购商务谈判结果公告,http://cet.hzau.edu.cn/info/1020/6145.htm,2017-11-02
粗糙度仪设备采购商务谈判结果公告,http://cet.hzau.edu.cn/info/1020/6135.htm,2017-10-17
工学院2017年研究生学业奖学金候选人公示,http://cet.hzau.edu.cn/info/1020/6134.htm,2017-09-30
工学院2017年“三好研究生”候选人公示,http://cet.hzau.edu.cn/info/1020/6133.htm,2017-09-30
工学院2017年研究生国家奖学金获奖学生推荐名单公示,http://cet.hzau.edu.cn/info/1020/6132.htm,2017-09-30
大成型空间3D打印机采购商务谈判结果公告,http://cet.hzau.edu.cn/info/1020/6131.htm,2017-09-28
多功能手持式3D扫描仪采购商务谈判结果公告,http://cet.hzau.edu.cn/info/1020/6130.htm,2017-09-28
快速成型设备商务谈判中标结果公示,http://cet.hzau.edu.cn/info/1020/6129.htm,2017-09-21
华中农业大学工学院2018年推荐免试攻读硕士学位研究生名单,http://cet.hzau.edu.cn/info/1020/6128.htm,2017-09-20
工学院关于2017年学业奖学金、国家奖学金评选的说明,http://cet.hzau.edu.cn/info/1020/6127.htm,2017-09-18
工学院2017年研究生国家奖学金评审实施方案,http://cet.hzau.edu.cn/info/1020/6126.htm,2017-09-18
工学院2017年研究生学业奖学金评审实施方案,http://cet.hzau.edu.cn/info/1020/6125.htm,2017-09-18
关于做好2017年研究生国家奖学金评选工作的通知——校研工〔2017〕13号,http://cet.hzau.edu.cn/info/1020/3712.htm,2017-09-18
关于做好2017年研究生学业奖学金评审工作的通知——校研工〔2017〕12号,http://cet.hzau.edu.cn/info/1020/3711.htm,2017-09-18
工学院关于李善军等同志任职的通知,http://cet.hzau.edu.cn/info/1020/6378.htm,2018-03-13
工学院2017年度考核工作的通知,http://cet.hzau.edu.cn/info/1020/6253.htm,2018-01-06
工学院机耕船采购商务谈判结果公告,http://cet.hzau.edu.cn/info/1020/6251.htm,2018-01-03
液压折叠宽幅旋耕机设备采购商务谈判结果公告,http://cet.hzau.edu.cn/info/1020/6250.htm,2017-12-26
示波器设备采购商务谈判结果公告,http://cet.hzau.edu.cn/info/1020/6249.htm,2017-12-20
工学院关于推荐申报工勤技能二级（技师）岗位的公示,http://cet.hzau.edu.cn/info/1020/6247.htm,2017-12-11
热工学相关系数测定装置采购商务谈判结果公示,http://cet.hzau.edu.cn/info/1020/6149.htm,2017-11-13
2017华中农业大学《机械制图》竞赛方案,http://cet.hzau.edu.cn/info/1020/6148.htm,2017-11-09
标准长度量块及齿轮双面啮合综测仪一批采购商务谈判结果公示,http://cet.hzau.edu.cn/info/1020/6147.htm,2017-11-06
采购3D打印机等设备商务谈判结果公告,http://cet.hzau.edu.cn/info/1020/6146.htm,2017-11-02
收割机设备采购商务谈判结果公告,http://cet.hzau.edu.cn/info/1020/6145.htm,2017-11-02
粗糙度仪设备采购商务谈判结果公告,http://cet.hzau.edu.cn/info/1020/6135.htm,2017-10-17
工学院2017年研究生学业奖学金候选人公示,http://cet.hzau.edu.cn/info/1020/6134.htm,2017-09-30
工学院2017年“三好研究生”候选人公示,http://cet.hzau.edu.cn/info/1020/6133.htm,2017-09-30
工学院2017年研究生国家奖学金获奖学生推荐名单公示,http://cet.hzau.edu.cn/info/1020/6132.htm,2017-09-30
大成型空间3D打印机采购商务谈判结果公告,http://cet.hzau.edu.cn/info/1020/6131.htm,2017-09-28
多功能手持式3D扫描仪采购商务谈判结果公告,http://cet.hzau.edu.cn/info/1020/6130.htm,2017-09-28
快速成型设备商务谈判中标结果公示,http://cet.hzau.edu.cn/info/1020/6129.htm,2017-09-21
华中农业大学工学院2018年推荐免试攻读硕士学位研究生名单,http://cet.hzau.edu.cn/info/1020/6128.htm,2017-09-20
工学院关于2017年学业奖学金、国家奖学金评选的说明,http://cet.hzau.edu.cn/info/1020/6127.htm,2017-09-18
工学院2017年研究生国家奖学金评审实施方案,http://cet.hzau.edu.cn/info/1020/6126.htm,2017-09-18
工学院2017年研究生学业奖学金评审实施方案,http://cet.hzau.edu.cn/info/1020/6125.htm,2017-09-18
关于做好2017年研究生国家奖学金评选工作的通知——校研工〔2017〕13号,http://cet.hzau.edu.cn/info/1020/3712.htm,2017-09-18
关于做好2017年研究生学业奖学金评审工作的通知——校研工〔2017〕12号,http://cet.hzau.edu.cn/info/1020/3711.htm,2017-09-18
工学院2017年研究生学业奖学金评审实施方案,http://cet.hzau.edu.cn/info/1020/3710.htm,2017-09-18
工学院关于2017年学业奖学金、国家奖学金评选的说明,http://cet.hzau.edu.cn/info/1020/3709.htm,2017-09-18
华中农业大学工学院2017年研究生国家奖学金评审实施方案,http://cet.hzau.edu.cn/info/1020/3708.htm,2017-09-18
工学院畜禽养殖场智能运输车采购结果公告,http://cet.hzau.edu.cn/info/1020/3707.htm,2017-09-18
工学院2018年推免研究生直选名单,http://cet.hzau.edu.cn/info/1020/3706.htm,2017-09-16
工学院2018年推免研究生入围名单,http://cet.hzau.edu.cn/info/1020/3705.htm,2017-09-16
华中农业大学工学院2018年推荐优秀应届本科毕业生免试攻读硕士学位研究生工作方案,http://cet.hzau.edu.cn/info/1020/3704.htm,2017-09-13
数码金相显微镜设备采购商务谈判结果公告,http://cet.hzau.edu.cn/info/1020/3703.htm,2017-07-20
关于开展2017年度专业技术职务评聘工作的通知,http://cet.hzau.edu.cn/info/1020/3702.htm,2017-07-13
等离子堆焊系统设备采购商务谈判结果公告,http://cet.hzau.edu.cn/info/1020/3701.htm,2017-07-10
葵花联合收获机底盘等设备采购商务谈判结果公告,http://cet.hzau.edu.cn/info/1020/1025.htm,2017-07-03
电化学工作站设备采购商务谈判结果公告,http://cet.hzau.edu.cn/info/1020/1024.htm,2017-07-03
立式光学计设备采购商务谈判结果公告,http://cet.hzau.edu.cn/info/1020/1023.htm,2017-06-28
收割机设备采购商务谈判结果公告,http://cet.hzau.edu.cn/info/1020/1022.htm,2017-06-28
工学院2015级专业学位硕士研究生三好研究生候选名单公示,http://cet.hzau.edu.cn/info/1020/1021.htm,2017-05-23
工学院2014级博士研究生三好研究生候选名单公示,http://cet.hzau.edu.cn/info/1020/1020.htm,2017-05-23
工学院2014级研究生三好研究生候选名单公示,http://cet.hzau.edu.cn/info/1020/1019.htm,2017-05-23
工学院2016-2017学年度研究生优秀研究生干部候选名单公示,http://cet.hzau.edu.cn/info/1020/1018.htm,2017-05-23
山东省2017年选调优秀高校毕业生到村任职考察预告,http://cet.hzau.edu.cn/info/1020/1017.htm,2017-05-21
2017年工学院工程技术实验教学中心消防安全演练通知,http://cet.hzau.edu.cn/info/1020/1016.htm,2017-05-17
华中农业大学工学院2017年研究生招生预录取名单（含专业和导师）,http://cet.hzau.edu.cn/info/1020/1015.htm,2017-04-11
2017工学院研究生招生调剂预录取名单,http://cet.hzau.edu.cn/info/1020/1014.htm,2017-04-10
工学院2017年硕士研究生招生调剂考生面试分组名单,http://cet.hzau.edu.cn/info/1020/1013.htm,2017-04-04
华中农业大学工学院2017年硕士招生复试调剂考生名单,http://cet.hzau.edu.cn/info/1020/1012.htm,2017-03-29
华中农业大学工学院2017年硕士招生复试调剂考生名单,http://cet.hzau.edu.cn/info/1020/1011.htm,2017-03-29
工学院关于2017年学业奖学金、国家奖学金评选的说明,http://cet.hzau.edu.cn/info/1020/3709.htm,2017-09-18
华中农业大学工学院2017年研究生国家奖学金评审实施方案,http://cet.hzau.edu.cn/info/1020/3708.htm,2017-09-18
工学院畜禽养殖场智能运输车采购结果公告,http://cet.hzau.edu.cn/info/1020/3707.htm,2017-09-18
工学院2018年推免研究生直选名单,http://cet.hzau.edu.cn/info/1020/3706.htm,2017-09-16
工学院2018年推免研究生入围名单,http://cet.hzau.edu.cn/info/1020/3705.htm,2017-09-16
华中农业大学工学院2018年推荐优秀应届本科毕业生免试攻读硕士学位研究生工作方案,http://cet.hzau.edu.cn/info/1020/3704.htm,2017-09-13
数码金相显微镜设备采购商务谈判结果公告,http://cet.hzau.edu.cn/info/1020/3703.htm,2017-07-20
关于开展2017年度专业技术职务评聘工作的通知,http://cet.hzau.edu.cn/info/1020/3702.htm,2017-07-13
等离子堆焊系统设备采购商务谈判结果公告,http://cet.hzau.edu.cn/info/1020/3701.htm,2017-07-10
葵花联合收获机底盘等设备采购商务谈判结果公告,http://cet.hzau.edu.cn/info/1020/1025.htm,2017-07-03
电化学工作站设备采购商务谈判结果公告,http://cet.hzau.edu.cn/info/1020/1024.htm,2017-07-03
立式光学计设备采购商务谈判结果公告,http://cet.hzau.edu.cn/info/1020/1023.htm,2017-06-28
收割机设备采购商务谈判结果公告,http://cet.hzau.edu.cn/info/1020/1022.htm,2017-06-28
工学院2015级专业学位硕士研究生三好研究生候选名单公示,http://cet.hzau.edu.cn/info/1020/1021.htm,2017-05-23
工学院2014级博士研究生三好研究生候选名单公示,http://cet.hzau.edu.cn/info/1020/1020.htm,2017-05-23
工学院2014级研究生三好研究生候选名单公示,http://cet.hzau.edu.cn/info/1020/1019.htm,2017-05-23
工学院2016-2017学年度研究生优秀研究生干部候选名单公示,http://cet.hzau.edu.cn/info/1020/1018.htm,2017-05-23
山东省2017年选调优秀高校毕业生到村任职考察预告,http://cet.hzau.edu.cn/info/1020/1017.htm,2017-05-21
2017年工学院工程技术实验教学中心消防安全演练通知,http://cet.hzau.edu.cn/info/1020/1016.htm,2017-05-17
华中农业大学工学院2017年研究生招生预录取名单（含专业和导师）,http://cet.hzau.edu.cn/info/1020/1015.htm,2017-04-11
2017工学院研究生招生调剂预录取名单,http://cet.hzau.edu.cn/info/1020/1014.htm,2017-04-10
工学院2017年硕士研究生招生调剂考生面试分组名单,http://cet.hzau.edu.cn/info/1020/1013.htm,2017-04-04
华中农业大学工学院2017年硕士招生复试调剂考生名单,http://cet.hzau.edu.cn/info/1020/1012.htm,2017-03-29
华中农业大学工学院2017年硕士招生复试调剂考生名单,http://cet.hzau.edu.cn/info/1020/1011.htm,2017-03-29
2017工学院研究生招生第一志愿预录取名单,http://cet.hzau.edu.cn/info/1020/1010.htm,2017-03-27
2017年华中农业大学工学院硕士研究生招生调剂信息汇总,http://cet.hzau.edu.cn/info/1020/1009.htm,2017-03-27
工学院2017年硕士研究生招生第一志愿考生面试分组名单,http://cet.hzau.edu.cn/info/1020/1008.htm,2017-03-22
华中农业大学工学院2017第一志愿研究生复试名单,http://cet.hzau.edu.cn/info/1020/1007.htm,2017-03-17
华中农业大学工学院2017年硕士研究生复试录取工作方案,http://cet.hzau.edu.cn/info/1020/1006.htm,2017-03-17
寒假暖心便利贴,http://cet.hzau.edu.cn/info/1020/1005.htm,2017-01-17
工学院2016年度考核工作的通知,http://cet.hzau.edu.cn/info/1020/1004.htm,2017-01-05
关于做好2016年年度考核工作的通知,http://cet.hzau.edu.cn/info/1020/1003.htm,2016-12-28
工学院2016年研究生学业奖学金候选人名单,http://cet.hzau.edu.cn/info/1020/1002.htm,2016-10-09
工学院2016年研究生国家奖学金候选人名单,http://cet.hzau.edu.cn/info/1020/1001.htm,2016-10-09
华中农业大学工学院2016年研究生国家奖学金评审实施细则,http://cet.hzau.edu.cn/info/1020/1050.htm,2016-10-08
关于做好2016年研究生国家奖学金评选工作的通知——校研工〔2016〕19号,http://cet.hzau.edu.cn/info/1020/1049.htm,2016-10-08
工学院研究生学业奖学金评审实施办法,http://cet.hzau.edu.cn/info/1020/1048.htm,2016-10-08
关于做好2016年研究生学业奖学金评审工作的通知——校研工〔2016〕20号,http://cet.hzau.edu.cn/info/1020/1047.htm,2016-10-08
华中农业大学工学院2017年推荐免试攻读硕士学位研究生名单,http://cet.hzau.edu.cn/info/1020/1046.htm,2016-09-22
华中农业大学工学院2017年推免研究生指标分配,http://cet.hzau.edu.cn/info/1020/1045.htm,2016-09-22
工学院2017年推免研究生直选名单,http://cet.hzau.edu.cn/info/1020/1044.htm,2016-09-21
工学院2017年推免研究生入围名单,http://cet.hzau.edu.cn/info/1020/1043.htm,2016-09-21
工学院2017年申请推免研究生学生的综合分排名结果,http://cet.hzau.edu.cn/info/1020/1042.htm,2016-09-21
华中农业大学工学院2017年推荐优秀应届本科毕业生免试攻读硕士学位研究生工作方案,http://cet.hzau.edu.cn/info/1020/1041.htm,2016-09-18
关于在研究生中开展2016年“导师和我”主题征文活动的通知,http://cet.hzau.edu.cn/info/1020/1040.htm,2016-09-14
关于组织参加第一届全国农林院校研究生学术科技作品竞赛的通知,http://cet.hzau.edu.cn/info/1020/1039.htm,2016-09-14
2016年秋工学院研究生主要学生干部换届通知,http://cet.hzau.edu.cn/info/1020/1038.htm,2016-09-03
工学院关于华中农业大学第四届师德先进个人候选人的公示,http://cet.hzau.edu.cn/info/1020/1037.htm,2016-08-30
关于开展2016年度专业技术职务评聘工作的通知,http://cet.hzau.edu.cn/info/1020/1036.htm,2016-07-19
2017年华中农业大学工学院硕士研究生招生调剂信息汇总,http://cet.hzau.edu.cn/info/1020/1009.htm,2017-03-27
工学院2017年硕士研究生招生第一志愿考生面试分组名单,http://cet.hzau.edu.cn/info/1020/1008.htm,2017-03-22
华中农业大学工学院2017第一志愿研究生复试名单,http://cet.hzau.edu.cn/info/1020/1007.htm,2017-03-17
华中农业大学工学院2017年硕士研究生复试录取工作方案,http://cet.hzau.edu.cn/info/1020/1006.htm,2017-03-17
寒假暖心便利贴,http://cet.hzau.edu.cn/info/1020/1005.htm,2017-01-17
工学院2016年度考核工作的通知,http://cet.hzau.edu.cn/info/1020/1004.htm,2017-01-05
关于做好2016年年度考核工作的通知,http://cet.hzau.edu.cn/info/1020/1003.htm,2016-12-28
工学院2016年研究生学业奖学金候选人名单,http://cet.hzau.edu.cn/info/1020/1002.htm,2016-10-09
工学院2016年研究生国家奖学金候选人名单,http://cet.hzau.edu.cn/info/1020/1001.htm,2016-10-09
华中农业大学工学院2016年研究生国家奖学金评审实施细则,http://cet.hzau.edu.cn/info/1020/1050.htm,2016-10-08
关于做好2016年研究生国家奖学金评选工作的通知——校研工〔2016〕19号,http://cet.hzau.edu.cn/info/1020/1049.htm,2016-10-08
工学院研究生学业奖学金评审实施办法,http://cet.hzau.edu.cn/info/1020/1048.htm,2016-10-08
关于做好2016年研究生学业奖学金评审工作的通知——校研工〔2016〕20号,http://cet.hzau.edu.cn/info/1020/1047.htm,2016-10-08
华中农业大学工学院2017年推荐免试攻读硕士学位研究生名单,http://cet.hzau.edu.cn/info/1020/1046.htm,2016-09-22
华中农业大学工学院2017年推免研究生指标分配,http://cet.hzau.edu.cn/info/1020/1045.htm,2016-09-22
工学院2017年推免研究生直选名单,http://cet.hzau.edu.cn/info/1020/1044.htm,2016-09-21
工学院2017年推免研究生入围名单,http://cet.hzau.edu.cn/info/1020/1043.htm,2016-09-21
工学院2017年申请推免研究生学生的综合分排名结果,http://cet.hzau.edu.cn/info/1020/1042.htm,2016-09-21
华中农业大学工学院2017年推荐优秀应届本科毕业生免试攻读硕士学位研究生工作方案,http://cet.hzau.edu.cn/info/1020/1041.htm,2016-09-18
关于在研究生中开展2016年“导师和我”主题征文活动的通知,http://cet.hzau.edu.cn/info/1020/1040.htm,2016-09-14
关于组织参加第一届全国农林院校研究生学术科技作品竞赛的通知,http://cet.hzau.edu.cn/info/1020/1039.htm,2016-09-14
2016年秋工学院研究生主要学生干部换届通知,http://cet.hzau.edu.cn/info/1020/1038.htm,2016-09-03
工学院关于华中农业大学第四届师德先进个人候选人的公示,http://cet.hzau.edu.cn/info/1020/1037.htm,2016-08-30
关于开展2016年度专业技术职务评聘工作的通知,http://cet.hzau.edu.cn/info/1020/1036.htm,2016-07-19
关于2016年暑期放假及有关事项安排的通知,http://cet.hzau.edu.cn/info/1020/1035.htm,2016-07-07
关于2016年青年骨干教师出国研修（1:1配套资助项目）申报工作通知,http://cet.hzau.edu.cn/info/1020/1034.htm,2016-06-24
工学院2015-2016学年度研究生优秀研究生干部候选名单公示,http://cet.hzau.edu.cn/info/1020/1033.htm,2016-05-31
工学院关于评选2015-2016学年度优秀研究生干部的通知,http://cet.hzau.edu.cn/info/1020/1032.htm,2016-05-25
工学院2015-2016学年度研究生优秀毕业生候选名单公示,http://cet.hzau.edu.cn/info/1020/1031.htm,2016-05-19
工学院2014级专业学位硕士研究生三好研究生候选名单公示,http://cet.hzau.edu.cn/info/1020/1030.htm,2016-05-19
工学院2013级研究生三好研究生、单项积极分子候选名单公示,http://cet.hzau.edu.cn/info/1020/1029.htm,2016-05-19
工学院2016年转博考核工作方案,http://cet.hzau.edu.cn/info/1020/1028.htm,2016-04-27
会议通知,http://cet.hzau.edu.cn/info/1020/1026.htm,2016-04-20
关于在学院教工党支部委员会中增设纪检委员的通知,http://cet.hzau.edu.cn/info/1020/1075.htm,2016-04-12
2016年工学院博士研究生复试录取工作安排,http://cet.hzau.edu.cn/info/1020/1074.htm,2016-04-08
关于华中农业大学工学院第十八届趣味运动会报名工作通知,http://cet.hzau.edu.cn/info/1020/1073.htm,2016-04-01
华中农业大学工学院2016研究生招生拟录取名单（含专业和导师）,http://cet.hzau.edu.cn/info/1020/1072.htm,2016-03-28
2016工学院研究生招生拟录取名单,http://cet.hzau.edu.cn/info/1020/1071.htm,2016-03-28
工学院2016研究生复试工作补充说明,http://cet.hzau.edu.cn/info/1020/1070.htm,2016-03-22
工学院2016年硕士招生面试分组方案,http://cet.hzau.edu.cn/info/1020/1069.htm,2016-03-21
工学院2016年招生硕士导师名单,http://cet.hzau.edu.cn/info/1020/1068.htm,2016-03-16
华中农业大学工学院2016第一志愿研究生复试名单,http://cet.hzau.edu.cn/info/1020/1067.htm,2016-03-14
华中农业大学工学院2016年硕士研究生复试录取工作方案,http://cet.hzau.edu.cn/info/1020/1066.htm,2016-03-14
工程楼卫生管理条例,http://cet.hzau.edu.cn/info/1020/1065.htm,2016-01-17
工学院研究生工作室管理办法,http://cet.hzau.edu.cn/info/1020/1064.htm,2016-01-17
会议通知,http://cet.hzau.edu.cn/info/1020/1063.htm,2016-01-13
工学院2015年工作总结,http://cet.hzau.edu.cn/info/1020/1062.htm,2016-01-13
工学院2015年年度考核工作方案,http://cet.hzau.edu.cn/info/1020/1061.htm,2016-01-05
关于召开各教工党支部组织生活会的通知,http://cet.hzau.edu.cn/info/1020/1060.htm,2015-12-16
关于2016年青年骨干教师出国研修（1:1配套资助项目）申报工作通知,http://cet.hzau.edu.cn/info/1020/1034.htm,2016-06-24
工学院2015-2016学年度研究生优秀研究生干部候选名单公示,http://cet.hzau.edu.cn/info/1020/1033.htm,2016-05-31
工学院关于评选2015-2016学年度优秀研究生干部的通知,http://cet.hzau.edu.cn/info/1020/1032.htm,2016-05-25
工学院2015-2016学年度研究生优秀毕业生候选名单公示,http://cet.hzau.edu.cn/info/1020/1031.htm,2016-05-19
工学院2014级专业学位硕士研究生三好研究生候选名单公示,http://cet.hzau.edu.cn/info/1020/1030.htm,2016-05-19
工学院2013级研究生三好研究生、单项积极分子候选名单公示,http://cet.hzau.edu.cn/info/1020/1029.htm,2016-05-19
工学院2016年转博考核工作方案,http://cet.hzau.edu.cn/info/1020/1028.htm,2016-04-27
会议通知,http://cet.hzau.edu.cn/info/1020/1026.htm,2016-04-20
关于在学院教工党支部委员会中增设纪检委员的通知,http://cet.hzau.edu.cn/info/1020/1075.htm,2016-04-12
2016年工学院博士研究生复试录取工作安排,http://cet.hzau.edu.cn/info/1020/1074.htm,2016-04-08
关于华中农业大学工学院第十八届趣味运动会报名工作通知,http://cet.hzau.edu.cn/info/1020/1073.htm,2016-04-01
华中农业大学工学院2016研究生招生拟录取名单（含专业和导师）,http://cet.hzau.edu.cn/info/1020/1072.htm,2016-03-28
2016工学院研究生招生拟录取名单,http://cet.hzau.edu.cn/info/1020/1071.htm,2016-03-28
工学院2016研究生复试工作补充说明,http://cet.hzau.edu.cn/info/1020/1070.htm,2016-03-22
工学院2016年硕士招生面试分组方案,http://cet.hzau.edu.cn/info/1020/1069.htm,2016-03-21
工学院2016年招生硕士导师名单,http://cet.hzau.edu.cn/info/1020/1068.htm,2016-03-16
华中农业大学工学院2016第一志愿研究生复试名单,http://cet.hzau.edu.cn/info/1020/1067.htm,2016-03-14
华中农业大学工学院2016年硕士研究生复试录取工作方案,http://cet.hzau.edu.cn/info/1020/1066.htm,2016-03-14
工程楼卫生管理条例,http://cet.hzau.edu.cn/info/1020/1065.htm,2016-01-17
工学院研究生工作室管理办法,http://cet.hzau.edu.cn/info/1020/1064.htm,2016-01-17
会议通知,http://cet.hzau.edu.cn/info/1020/1063.htm,2016-01-13
工学院2015年工作总结,http://cet.hzau.edu.cn/info/1020/1062.htm,2016-01-13
工学院2015年年度考核工作方案,http://cet.hzau.edu.cn/info/1020/1061.htm,2016-01-05
关于召开各教工党支部组织生活会的通知,http://cet.hzau.edu.cn/info/1020/1060.htm,2015-12-16
“锐工大讲堂”讲座通知,http://cet.hzau.edu.cn/info/1020/1059.htm,2015-12-14
关于学院职工党员集中学习的通知,http://cet.hzau.edu.cn/info/1020/1058.htm,2015-12-10
2015工学院学术年会通知,http://cet.hzau.edu.cn/info/1020/1057.htm,2015-12-10
2015学术年会工学院分会系列活动之“学术文献检索与利用”讲座通知,http://cet.hzau.edu.cn/info/1020/1056.htm,2015-11-30
“锐工大讲堂”讲座通知,http://cet.hzau.edu.cn/info/1020/1055.htm,2015-11-30
工学院2015级研究生学业奖学金候选人名单公示,http://cet.hzau.edu.cn/info/1020/1054.htm,2015-10-31
工学院2015级博士研究生学业奖学金候选人名单公示,http://cet.hzau.edu.cn/info/1020/1053.htm,2015-10-31
工学院2014级研究生学业奖学金候选人名单公示,http://cet.hzau.edu.cn/info/1020/1052.htm,2015-10-31
工学院2014级博士研究生学业奖学金候选人名单公示,http://cet.hzau.edu.cn/info/1020/1051.htm,2015-10-31
“锐工大讲堂”讲座通知,http://cet.hzau.edu.cn/info/1020/1100.htm,2015-10-27
华中农业大学工学院2015年研究生国家奖学金评审实施细则,http://cet.hzau.edu.cn/info/1020/1099.htm,2015-10-21
工学院研究生学业奖学金评审实施办法,http://cet.hzau.edu.cn/info/1020/1098.htm,2015-10-21
工学院2015年研究生国家奖学金候选人调整公示名单,http://cet.hzau.edu.cn/info/1020/1097.htm,2015-10-20
关于执行冬（春）季作息时间的通知,http://cet.hzau.edu.cn/info/1020/1096.htm,2015-09-24
关于中秋节、国庆节放假安排的通知,http://cet.hzau.edu.cn/info/1020/1095.htm,2015-09-22
关于放假调休安排的通知,http://cet.hzau.edu.cn/info/1020/1094.htm,2015-08-29
关于开展2015年度专业技术职务评聘工作的通知,http://cet.hzau.edu.cn/info/1020/1093.htm,2015-07-11
关于2015年暑期放假及有关事项安排的通知,http://cet.hzau.edu.cn/info/1020/1092.htm,2015-06-24
2015年华中农业大学工学院全日制硕士研究生拟录名单,http://cet.hzau.edu.cn/info/1020/1091.htm,2015-04-01
工学院2015年硕士招生拟录名单公示,http://cet.hzau.edu.cn/info/1020/1090.htm,2015-03-30
工学院2015年硕士招生复试分组确认方案,http://cet.hzau.edu.cn/info/1020/1089.htm,2015-03-27
工学院2015年硕士招生面试工作安排,http://cet.hzau.edu.cn/info/1020/1088.htm,2015-03-25
工学院2015年硕士招生相关事项的补充说明,http://cet.hzau.edu.cn/info/1020/1087.htm,2015-03-20
转发：第六届亚洲精准农业会议 (ACPA2015 )第一轮通知,http://cet.hzau.edu.cn/info/1020/1086.htm,2015-03-11
关于2015年寒假放假及做好寒假前后工作安排的通知,http://cet.hzau.edu.cn/info/1020/1085.htm,2015-02-03
关于学院职工党员集中学习的通知,http://cet.hzau.edu.cn/info/1020/1058.htm,2015-12-10
2015工学院学术年会通知,http://cet.hzau.edu.cn/info/1020/1057.htm,2015-12-10
2015学术年会工学院分会系列活动之“学术文献检索与利用”讲座通知,http://cet.hzau.edu.cn/info/1020/1056.htm,2015-11-30
“锐工大讲堂”讲座通知,http://cet.hzau.edu.cn/info/1020/1055.htm,2015-11-30
工学院2015级研究生学业奖学金候选人名单公示,http://cet.hzau.edu.cn/info/1020/1054.htm,2015-10-31
工学院2015级博士研究生学业奖学金候选人名单公示,http://cet.hzau.edu.cn/info/1020/1053.htm,2015-10-31
工学院2014级研究生学业奖学金候选人名单公示,http://cet.hzau.edu.cn/info/1020/1052.htm,2015-10-31
工学院2014级博士研究生学业奖学金候选人名单公示,http://cet.hzau.edu.cn/info/1020/1051.htm,2015-10-31
“锐工大讲堂”讲座通知,http://cet.hzau.edu.cn/info/1020/1100.htm,2015-10-27
华中农业大学工学院2015年研究生国家奖学金评审实施细则,http://cet.hzau.edu.cn/info/1020/1099.htm,2015-10-21
工学院研究生学业奖学金评审实施办法,http://cet.hzau.edu.cn/info/1020/1098.htm,2015-10-21
工学院2015年研究生国家奖学金候选人调整公示名单,http://cet.hzau.edu.cn/info/1020/1097.htm,2015-10-20
关于执行冬（春）季作息时间的通知,http://cet.hzau.edu.cn/info/1020/1096.htm,2015-09-24
关于中秋节、国庆节放假安排的通知,http://cet.hzau.edu.cn/info/1020/1095.htm,2015-09-22
关于放假调休安排的通知,http://cet.hzau.edu.cn/info/1020/1094.htm,2015-08-29
关于开展2015年度专业技术职务评聘工作的通知,http://cet.hzau.edu.cn/info/1020/1093.htm,2015-07-11
关于2015年暑期放假及有关事项安排的通知,http://cet.hzau.edu.cn/info/1020/1092.htm,2015-06-24
2015年华中农业大学工学院全日制硕士研究生拟录名单,http://cet.hzau.edu.cn/info/1020/1091.htm,2015-04-01
工学院2015年硕士招生拟录名单公示,http://cet.hzau.edu.cn/info/1020/1090.htm,2015-03-30
工学院2015年硕士招生复试分组确认方案,http://cet.hzau.edu.cn/info/1020/1089.htm,2015-03-27
工学院2015年硕士招生面试工作安排,http://cet.hzau.edu.cn/info/1020/1088.htm,2015-03-25
工学院2015年硕士招生相关事项的补充说明,http://cet.hzau.edu.cn/info/1020/1087.htm,2015-03-20
转发：第六届亚洲精准农业会议 (ACPA2015 )第一轮通知,http://cet.hzau.edu.cn/info/1020/1086.htm,2015-03-11
关于2015年寒假放假及做好寒假前后工作安排的通知,http://cet.hzau.edu.cn/info/1020/1085.htm,2015-02-03
2014年年度考核及教学质量相关奖项结果公示,http://cet.hzau.edu.cn/info/1020/1084.htm,2015-01-16
工学院2014年年度考核工作方案,http://cet.hzau.edu.cn/info/1020/1083.htm,2015-01-09
关于教职工个人报销用卡变更的通知,http://cet.hzau.edu.cn/info/1020/1082.htm,2014-12-22
关于2015年元旦放假安排的通知,http://cet.hzau.edu.cn/info/1020/1081.htm,2014-12-22
关于2015年度国家自然科学基金项目申请有关事项的通告,http://cet.hzau.edu.cn/info/1020/1080.htm,2014-12-22
创建文明城市   从点滴小事做起,http://cet.hzau.edu.cn/info/1020/1079.htm,2014-11-18
工学院关于李善军等同志担任学系、实验机构负责人的通知,http://cet.hzau.edu.cn/info/1020/1078.htm,2014-11-07
工学院2014年研究生国家奖学金候选人名单公示,http://cet.hzau.edu.cn/info/1020/1077.htm,2014-10-10
华中农业大学工学院研究生国家奖学金评审实施细则（试行）,http://cet.hzau.edu.cn/info/1020/1076.htm,2014-09-25
工学院2015年推荐免试攻读硕士学位研究生复试录取工作方案,http://cet.hzau.edu.cn/info/1020/1125.htm,2014-09-25
华中农业大学工学院工会换届选举办法,http://cet.hzau.edu.cn/info/1020/1124.htm,2014-09-24
工学院研究生导师电子邮件和专业,http://cet.hzau.edu.cn/info/1020/1123.htm,2014-09-23
工学院教职工党支部委员会和系级组织负责人调整换届工作方案,http://cet.hzau.edu.cn/info/1020/1122.htm,2014-09-23
工学院2015年推荐免试攻读硕士研究生名单公示,http://cet.hzau.edu.cn/info/1020/1121.htm,2014-09-15
工学院推荐2015年优秀应届本科毕业生免试攻读和接收硕士学位研究生工作安排,http://cet.hzau.edu.cn/info/1020/1120.htm,2014-09-12
工学院2015年推荐和接收优秀应届本科毕业生免试攻读硕士学位研究生工作管理办法,http://cet.hzau.edu.cn/info/1020/1119.htm,2014-09-12
关于开展2014年度专业技术职务评聘工作的通知,http://cet.hzau.edu.cn/info/1020/1118.htm,2014-08-28
工学院2014级研究生学业奖学金推荐人选名单公示,http://cet.hzau.edu.cn/info/1020/1117.htm,2014-08-03
工学院2014级研究生学业奖学金评选实施细则,http://cet.hzau.edu.cn/info/1020/1116.htm,2014-07-31
工学院研究生学业奖学金评审办法(试行),http://cet.hzau.edu.cn/info/1020/1115.htm,2014-07-31
关于切实加强科研经费使用管理工作的通知,http://cet.hzau.edu.cn/info/1020/1114.htm,2014-07-03
关于组织申报2014年青年骨干教师1：1配套资助出国研修项目的预通知,http://cet.hzau.edu.cn/info/1020/1113.htm,2014-07-03
关于2014年暑期放假及有关事项安排的通知,http://cet.hzau.edu.cn/info/1020/1112.htm,2014-06-27
关于贯彻中共湖北省纪委《关于党员干部操办婚丧喜庆事宜监督检查办法》的通知,http://cet.hzau.edu.cn/info/1020/1111.htm,2014-06-18
关于开展2014年湖北省青年科技晨光计划工作的通知,http://cet.hzau.edu.cn/info/1020/1110.htm,2014-05-26
工学院2014年年度考核工作方案,http://cet.hzau.edu.cn/info/1020/1083.htm,2015-01-09
关于教职工个人报销用卡变更的通知,http://cet.hzau.edu.cn/info/1020/1082.htm,2014-12-22
关于2015年元旦放假安排的通知,http://cet.hzau.edu.cn/info/1020/1081.htm,2014-12-22
关于2015年度国家自然科学基金项目申请有关事项的通告,http://cet.hzau.edu.cn/info/1020/1080.htm,2014-12-22
创建文明城市   从点滴小事做起,http://cet.hzau.edu.cn/info/1020/1079.htm,2014-11-18
工学院关于李善军等同志担任学系、实验机构负责人的通知,http://cet.hzau.edu.cn/info/1020/1078.htm,2014-11-07
工学院2014年研究生国家奖学金候选人名单公示,http://cet.hzau.edu.cn/info/1020/1077.htm,2014-10-10
华中农业大学工学院研究生国家奖学金评审实施细则（试行）,http://cet.hzau.edu.cn/info/1020/1076.htm,2014-09-25
工学院2015年推荐免试攻读硕士学位研究生复试录取工作方案,http://cet.hzau.edu.cn/info/1020/1125.htm,2014-09-25
华中农业大学工学院工会换届选举办法,http://cet.hzau.edu.cn/info/1020/1124.htm,2014-09-24
工学院研究生导师电子邮件和专业,http://cet.hzau.edu.cn/info/1020/1123.htm,2014-09-23
工学院教职工党支部委员会和系级组织负责人调整换届工作方案,http://cet.hzau.edu.cn/info/1020/1122.htm,2014-09-23
工学院2015年推荐免试攻读硕士研究生名单公示,http://cet.hzau.edu.cn/info/1020/1121.htm,2014-09-15
工学院推荐2015年优秀应届本科毕业生免试攻读和接收硕士学位研究生工作安排,http://cet.hzau.edu.cn/info/1020/1120.htm,2014-09-12
工学院2015年推荐和接收优秀应届本科毕业生免试攻读硕士学位研究生工作管理办法,http://cet.hzau.edu.cn/info/1020/1119.htm,2014-09-12
关于开展2014年度专业技术职务评聘工作的通知,http://cet.hzau.edu.cn/info/1020/1118.htm,2014-08-28
工学院2014级研究生学业奖学金推荐人选名单公示,http://cet.hzau.edu.cn/info/1020/1117.htm,2014-08-03
工学院2014级研究生学业奖学金评选实施细则,http://cet.hzau.edu.cn/info/1020/1116.htm,2014-07-31
工学院研究生学业奖学金评审办法(试行),http://cet.hzau.edu.cn/info/1020/1115.htm,2014-07-31
关于切实加强科研经费使用管理工作的通知,http://cet.hzau.edu.cn/info/1020/1114.htm,2014-07-03
关于组织申报2014年青年骨干教师1：1配套资助出国研修项目的预通知,http://cet.hzau.edu.cn/info/1020/1113.htm,2014-07-03
关于2014年暑期放假及有关事项安排的通知,http://cet.hzau.edu.cn/info/1020/1112.htm,2014-06-27
关于贯彻中共湖北省纪委《关于党员干部操办婚丧喜庆事宜监督检查办法》的通知,http://cet.hzau.edu.cn/info/1020/1111.htm,2014-06-18
关于开展2014年湖北省青年科技晨光计划工作的通知,http://cet.hzau.edu.cn/info/1020/1110.htm,2014-05-26
工学院2014届本科毕业论文（设计）答辩及后期工作方案,http://cet.hzau.edu.cn/info/1020/1109.htm,2014-05-16
关于开展2014年职称英语和计算机等级考试的通知,http://cet.hzau.edu.cn/info/1020/1108.htm,2014-05-05
关于清明节、劳动节、端午节放假安排的通知,http://cet.hzau.edu.cn/info/1020/1107.htm,2014-04-30
关于申报2014-2015年度教师培养计划的通知,http://cet.hzau.edu.cn/info/1020/1106.htm,2014-04-22
关于进一步严格规范印章使用管理的通知,http://cet.hzau.edu.cn/info/1020/1105.htm,2014-04-15
华中农业大学第三届师德先进个人候选人公示,http://cet.hzau.edu.cn/info/1020/1104.htm,2014-04-14
关于开展评选华中农业大学第三届师德先进个人、师德标兵活动的通知,http://cet.hzau.edu.cn/info/1020/1103.htm,2014-04-04
关于2014年寒假放假及做好寒假前后工作安排的通知,http://cet.hzau.edu.cn/info/1020/1102.htm,2014-01-17
工学院2013年工作总结,http://cet.hzau.edu.cn/info/1020/1101.htm,2013-12-31
2013年工学院年度考核工作方案,http://cet.hzau.edu.cn/info/1020/1150.htm,2013-12-27
工学院第二届教教职工代表大会代表名单,http://cet.hzau.edu.cn/info/1020/1149.htm,2013-12-27
中共华中农业大学委员会、华中农业大学关于做好2013年年度考核工作的通知,http://cet.hzau.edu.cn/info/1020/1148.htm,2013-12-25
关于做好中层领导班子和领导干部2013年度考核工作的通知,http://cet.hzau.edu.cn/info/1020/1147.htm,2013-12-25
关于春节前开展走访慰问生活困难党员活动的通知,http://cet.hzau.edu.cn/info/1020/1146.htm,2013-12-25
关于2014年元旦放假安排的通知,http://cet.hzau.edu.cn/info/1020/1145.htm,2013-12-25
工学院教代会代表选举工作方案,http://cet.hzau.edu.cn/info/1020/1144.htm,2013-12-13
华中农业大学工学院二级教代会代表产生、管理暂行办法,http://cet.hzau.edu.cn/info/1020/1143.htm,2013-12-13
工学院资产清查工作通知,http://cet.hzau.edu.cn/info/1020/1142.htm,2013-11-19
关于开展2014年度春季专任教师外语培训报名的通知,http://cet.hzau.edu.cn/info/1020/1141.htm,2013-11-18
关于举办2013年工学院研究生学术年会的通知,http://cet.hzau.edu.cn/info/1020/1140.htm,2013-11-06
农业部现代农业装备重点实验室开放课题申请指南,http://cet.hzau.edu.cn/info/1020/1139.htm,2013-10-27
关于执行冬（春）季作息时间的通知,http://cet.hzau.edu.cn/info/1020/1138.htm,2013-09-27
会议通知,http://cet.hzau.edu.cn/info/1020/1137.htm,2013-08-22
华中农业大学关于开展二○一三年度专业技术职务评聘工作的通知,http://cet.hzau.edu.cn/info/1020/1136.htm,2013-08-02
关于推荐第十三届中国青年科技奖候选人的通知,http://cet.hzau.edu.cn/info/1020/1135.htm,2013-08-02
关于开展2014年职称英语和计算机等级考试的通知,http://cet.hzau.edu.cn/info/1020/1108.htm,2014-05-05
关于清明节、劳动节、端午节放假安排的通知,http://cet.hzau.edu.cn/info/1020/1107.htm,2014-04-30
关于申报2014-2015年度教师培养计划的通知,http://cet.hzau.edu.cn/info/1020/1106.htm,2014-04-22
关于进一步严格规范印章使用管理的通知,http://cet.hzau.edu.cn/info/1020/1105.htm,2014-04-15
华中农业大学第三届师德先进个人候选人公示,http://cet.hzau.edu.cn/info/1020/1104.htm,2014-04-14
关于开展评选华中农业大学第三届师德先进个人、师德标兵活动的通知,http://cet.hzau.edu.cn/info/1020/1103.htm,2014-04-04
关于2014年寒假放假及做好寒假前后工作安排的通知,http://cet.hzau.edu.cn/info/1020/1102.htm,2014-01-17
工学院2013年工作总结,http://cet.hzau.edu.cn/info/1020/1101.htm,2013-12-31
2013年工学院年度考核工作方案,http://cet.hzau.edu.cn/info/1020/1150.htm,2013-12-27
工学院第二届教教职工代表大会代表名单,http://cet.hzau.edu.cn/info/1020/1149.htm,2013-12-27
中共华中农业大学委员会、华中农业大学关于做好2013年年度考核工作的通知,http://cet.hzau.edu.cn/info/1020/1148.htm,2013-12-25
关于做好中层领导班子和领导干部2013年度考核工作的通知,http://cet.hzau.edu.cn/info/1020/1147.htm,2013-12-25
关于春节前开展走访慰问生活困难党员活动的通知,http://cet.hzau.edu.cn/info/1020/1146.htm,2013-12-25
关于2014年元旦放假安排的通知,http://cet.hzau.edu.cn/info/1020/1145.htm,2013-12-25
工学院教代会代表选举工作方案,http://cet.hzau.edu.cn/info/1020/1144.htm,2013-12-13
华中农业大学工学院二级教代会代表产生、管理暂行办法,http://cet.hzau.edu.cn/info/1020/1143.htm,2013-12-13
工学院资产清查工作通知,http://cet.hzau.edu.cn/info/1020/1142.htm,2013-11-19
关于开展2014年度春季专任教师外语培训报名的通知,http://cet.hzau.edu.cn/info/1020/1141.htm,2013-11-18
关于举办2013年工学院研究生学术年会的通知,http://cet.hzau.edu.cn/info/1020/1140.htm,2013-11-06
农业部现代农业装备重点实验室开放课题申请指南,http://cet.hzau.edu.cn/info/1020/1139.htm,2013-10-27
关于执行冬（春）季作息时间的通知,http://cet.hzau.edu.cn/info/1020/1138.htm,2013-09-27
会议通知,http://cet.hzau.edu.cn/info/1020/1137.htm,2013-08-22
华中农业大学关于开展二○一三年度专业技术职务评聘工作的通知,http://cet.hzau.edu.cn/info/1020/1136.htm,2013-08-02
关于推荐第十三届中国青年科技奖候选人的通知,http://cet.hzau.edu.cn/info/1020/1135.htm,2013-08-02
教职工大会通知,http://cet.hzau.edu.cn/info/1020/1134.htm,2013-07-01
关于2013年暑期放假及有关事项安排的通知,http://cet.hzau.edu.cn/info/1020/1133.htm,2013-06-21
关于加强和改进高校青年教师思想政治工作的若干意见,http://cet.hzau.edu.cn/info/1020/1132.htm,2013-06-03
关于开展第十一届湖北省青年科技奖候选人推荐与评审工作的通知,http://cet.hzau.edu.cn/info/1020/1131.htm,2013-06-03
关于申报2013年青年骨干教师1：1配套资助出国研修项目的预通知,http://cet.hzau.edu.cn/info/1020/1130.htm,2013-06-03
关于申报全省第六届教育科学研究优秀成果奖励的通知,http://cet.hzau.edu.cn/info/1020/1129.htm,2013-06-03
关于开展2013年职称英语和计算机等级考试的通知,http://cet.hzau.edu.cn/info/1020/1128.htm,2013-05-09
关于执行夏（秋）季作息时间的通知,http://cet.hzau.edu.cn/info/1020/1127.htm,2013-04-26
关于申请青年人才楼住房的通知,http://cet.hzau.edu.cn/info/1020/1126.htm,2013-04-24
华中农业大学工学院全日制硕士研究生第二批拟录名单公示,http://cet.hzau.edu.cn/info/1020/1175.htm,2013-04-22
华中农业大学工学院全日制硕士研究生第一批拟录名单公示,http://cet.hzau.edu.cn/info/1020/1174.htm,2013-04-16
专业技术职务评审基本条件条款修订(征求意见稿),http://cet.hzau.edu.cn/info/1020/1173.htm,2013-04-15
工学院系级组织建设与管理办法,http://cet.hzau.edu.cn/info/1020/1172.htm,2013-04-15
关于开展2013年高等学校教师资格认定工作的通知,http://cet.hzau.edu.cn/info/1020/1171.htm,2013-04-08
关于申报2013-2014学年度教师培养计划的通知,http://cet.hzau.edu.cn/info/1020/1170.htm,2013-04-08
关于开展2013年度秋季专任教师外语培训报名的通知,http://cet.hzau.edu.cn/info/1020/1169.htm,2013-04-08
关于2014年湖北省大学生机械创新设计大赛暨第六届全国大学生机械创新设计大赛赛题公布的通知,http://cet.hzau.edu.cn/info/1020/1168.htm,2013-04-01
工学院关于学院教职工推荐引进教师人才奖励暂行办法,http://cet.hzau.edu.cn/info/1020/1167.htm,2013-03-27
关于清明节、劳动节、端午节放假安排的通知,http://cet.hzau.edu.cn/info/1020/1166.htm,2013-03-21
关于2013年准各申报专业技术职务的教师申请教学巡视纽听课的通知,http://cet.hzau.edu.cn/info/1020/1165.htm,2013-02-22
工学院2012年年度考核结果公示,http://cet.hzau.edu.cn/info/1020/1164.htm,2013-01-17
工学院2012年度教学质量奖评选结果公示,http://cet.hzau.edu.cn/info/1020/1163.htm,2013-01-15
开展走访慰问生活困难党员活动的通知,http://cet.hzau.edu.cn/info/1020/1162.htm,2013-01-09
开展走访慰问生活困难党员活动的通知,http://cet.hzau.edu.cn/info/1020/1161.htm,2013-01-09
工学院教学单项奖公示,http://cet.hzau.edu.cn/info/1020/1160.htm,2013-01-08
关于2013年暑期放假及有关事项安排的通知,http://cet.hzau.edu.cn/info/1020/1133.htm,2013-06-21
关于加强和改进高校青年教师思想政治工作的若干意见,http://cet.hzau.edu.cn/info/1020/1132.htm,2013-06-03
关于开展第十一届湖北省青年科技奖候选人推荐与评审工作的通知,http://cet.hzau.edu.cn/info/1020/1131.htm,2013-06-03
关于申报2013年青年骨干教师1：1配套资助出国研修项目的预通知,http://cet.hzau.edu.cn/info/1020/1130.htm,2013-06-03
关于申报全省第六届教育科学研究优秀成果奖励的通知,http://cet.hzau.edu.cn/info/1020/1129.htm,2013-06-03
关于开展2013年职称英语和计算机等级考试的通知,http://cet.hzau.edu.cn/info/1020/1128.htm,2013-05-09
关于执行夏（秋）季作息时间的通知,http://cet.hzau.edu.cn/info/1020/1127.htm,2013-04-26
关于申请青年人才楼住房的通知,http://cet.hzau.edu.cn/info/1020/1126.htm,2013-04-24
华中农业大学工学院全日制硕士研究生第二批拟录名单公示,http://cet.hzau.edu.cn/info/1020/1175.htm,2013-04-22
华中农业大学工学院全日制硕士研究生第一批拟录名单公示,http://cet.hzau.edu.cn/info/1020/1174.htm,2013-04-16
专业技术职务评审基本条件条款修订(征求意见稿),http://cet.hzau.edu.cn/info/1020/1173.htm,2013-04-15
工学院系级组织建设与管理办法,http://cet.hzau.edu.cn/info/1020/1172.htm,2013-04-15
关于开展2013年高等学校教师资格认定工作的通知,http://cet.hzau.edu.cn/info/1020/1171.htm,2013-04-08
关于申报2013-2014学年度教师培养计划的通知,http://cet.hzau.edu.cn/info/1020/1170.htm,2013-04-08
关于开展2013年度秋季专任教师外语培训报名的通知,http://cet.hzau.edu.cn/info/1020/1169.htm,2013-04-08
关于2014年湖北省大学生机械创新设计大赛暨第六届全国大学生机械创新设计大赛赛题公布的通知,http://cet.hzau.edu.cn/info/1020/1168.htm,2013-04-01
工学院关于学院教职工推荐引进教师人才奖励暂行办法,http://cet.hzau.edu.cn/info/1020/1167.htm,2013-03-27
关于清明节、劳动节、端午节放假安排的通知,http://cet.hzau.edu.cn/info/1020/1166.htm,2013-03-21
关于2013年准各申报专业技术职务的教师申请教学巡视纽听课的通知,http://cet.hzau.edu.cn/info/1020/1165.htm,2013-02-22
工学院2012年年度考核结果公示,http://cet.hzau.edu.cn/info/1020/1164.htm,2013-01-17
工学院2012年度教学质量奖评选结果公示,http://cet.hzau.edu.cn/info/1020/1163.htm,2013-01-15
开展走访慰问生活困难党员活动的通知,http://cet.hzau.edu.cn/info/1020/1162.htm,2013-01-09
开展走访慰问生活困难党员活动的通知,http://cet.hzau.edu.cn/info/1020/1161.htm,2013-01-09
工学院教学单项奖公示,http://cet.hzau.edu.cn/info/1020/1160.htm,2013-01-08
工学院2012年工作总结,http://cet.hzau.edu.cn/info/1020/1159.htm,2013-01-08
2012年工学院年度考核工作方案,http://cet.hzau.edu.cn/info/1020/1158.htm,2013-01-05
中共华中农业大学委员会、华中农业大学关于做好2012年年度考核工作的通知,http://cet.hzau.edu.cn/info/1020/1157.htm,2012-12-28
关于2013年元旦放假安排的通知,http://cet.hzau.edu.cn/info/1020/1156.htm,2012-12-12
关于开展2013年度春季专任教师外语培训报名的通知,http://cet.hzau.edu.cn/info/1020/1155.htm,2012-11-29
工学院2013年免推硕士研究生复试汇总表,http://cet.hzau.edu.cn/info/1020/1153.htm,2012-10-25
关于开展2012年度湖北省有突出贡献中青年专家、享受省政府专项津贴人员选拔推荐工作的通知,http://cet.hzau.edu.cn/info/1020/1152.htm,2012-09-27
关于开展2012年湖北省新世纪高层次人才工程人选选拔推荐工作的通知,http://cet.hzau.edu.cn/info/1020/1151.htm,2012-09-27
湖北省农业工程学会(筹)召开成立大会筹备预备会,http://cet.hzau.edu.cn/info/1020/1200.htm,2012-09-18
关于做好中秋和国庆假期有关工作安排的通知,http://cet.hzau.edu.cn/info/1020/1199.htm,2012-09-18
关于岗位聘期考核和第二轮岗位聘用工作有关问题的补充说明,http://cet.hzau.edu.cn/info/1020/1198.htm,2012-09-04
工学院职工岗位聘期考核及第二轮岗位聘用工作方案,http://cet.hzau.edu.cn/info/1020/1197.htm,2012-08-29
关于开展第二轮岗位聘用的通知,http://cet.hzau.edu.cn/info/1020/1195.htm,2012-06-28
华中农业大学关于开展二○一二年度专业技术职务评聘工作的通知,http://cet.hzau.edu.cn/info/1020/1194.htm,2012-06-27
关于2012年暑期放假及有关事项安排的通知,http://cet.hzau.edu.cn/info/1020/1193.htm,2012-06-21
2012年工学院本科生转专业复试方案,http://cet.hzau.edu.cn/info/1020/1192.htm,2012-05-17
工学院“国家级创新实验计划项目”结题工作方案,http://cet.hzau.edu.cn/info/1020/1191.htm,2012-05-17
关于申报2012年度“国家级大学生创新创业训练计划”项目的通知,http://cet.hzau.edu.cn/info/1020/1190.htm,2012-03-27
关于做好2012年春季普通话培训测试工作的通知,http://cet.hzau.edu.cn/info/1020/1189.htm,2012-03-27
关于推荐优秀团员参加工学院第61期党校学习的通知,http://cet.hzau.edu.cn/info/1020/1188.htm,2012-03-21
关于推荐第三届“中国农业机械学会青年科技奖”候选人的通知,http://cet.hzau.edu.cn/info/1020/1187.htm,2012-03-21
我院教学秘书翟红获教学管理奖，实验人员孟亮获实践教学与管理先进工作者称号,http://cet.hzau.edu.cn/info/1020/1186.htm,2011-12-31
关于做好2011年高等学校青年骨干教师国内访问学者接受计划申报工作的通知,http://cet.hzau.edu.cn/info/1020/1185.htm,2011-11-11
工学院2011－2012学年度研究生干部公示,http://cet.hzau.edu.cn/info/1020/1183.htm,2011-09-16
关于做好第二批“青年特聘专家”申报工作的通知,http://cet.hzau.edu.cn/info/1020/1182.htm,2011-09-15
2012年工学院年度考核工作方案,http://cet.hzau.edu.cn/info/1020/1158.htm,2013-01-05
中共华中农业大学委员会、华中农业大学关于做好2012年年度考核工作的通知,http://cet.hzau.edu.cn/info/1020/1157.htm,2012-12-28
关于2013年元旦放假安排的通知,http://cet.hzau.edu.cn/info/1020/1156.htm,2012-12-12
关于开展2013年度春季专任教师外语培训报名的通知,http://cet.hzau.edu.cn/info/1020/1155.htm,2012-11-29
工学院2013年免推硕士研究生复试汇总表,http://cet.hzau.edu.cn/info/1020/1153.htm,2012-10-25
关于开展2012年度湖北省有突出贡献中青年专家、享受省政府专项津贴人员选拔推荐工作的通知,http://cet.hzau.edu.cn/info/1020/1152.htm,2012-09-27
关于开展2012年湖北省新世纪高层次人才工程人选选拔推荐工作的通知,http://cet.hzau.edu.cn/info/1020/1151.htm,2012-09-27
湖北省农业工程学会(筹)召开成立大会筹备预备会,http://cet.hzau.edu.cn/info/1020/1200.htm,2012-09-18
关于做好中秋和国庆假期有关工作安排的通知,http://cet.hzau.edu.cn/info/1020/1199.htm,2012-09-18
关于岗位聘期考核和第二轮岗位聘用工作有关问题的补充说明,http://cet.hzau.edu.cn/info/1020/1198.htm,2012-09-04
工学院职工岗位聘期考核及第二轮岗位聘用工作方案,http://cet.hzau.edu.cn/info/1020/1197.htm,2012-08-29
关于开展第二轮岗位聘用的通知,http://cet.hzau.edu.cn/info/1020/1195.htm,2012-06-28
华中农业大学关于开展二○一二年度专业技术职务评聘工作的通知,http://cet.hzau.edu.cn/info/1020/1194.htm,2012-06-27
关于2012年暑期放假及有关事项安排的通知,http://cet.hzau.edu.cn/info/1020/1193.htm,2012-06-21
2012年工学院本科生转专业复试方案,http://cet.hzau.edu.cn/info/1020/1192.htm,2012-05-17
工学院“国家级创新实验计划项目”结题工作方案,http://cet.hzau.edu.cn/info/1020/1191.htm,2012-05-17
关于申报2012年度“国家级大学生创新创业训练计划”项目的通知,http://cet.hzau.edu.cn/info/1020/1190.htm,2012-03-27
关于做好2012年春季普通话培训测试工作的通知,http://cet.hzau.edu.cn/info/1020/1189.htm,2012-03-27
关于推荐优秀团员参加工学院第61期党校学习的通知,http://cet.hzau.edu.cn/info/1020/1188.htm,2012-03-21
关于推荐第三届“中国农业机械学会青年科技奖”候选人的通知,http://cet.hzau.edu.cn/info/1020/1187.htm,2012-03-21
我院教学秘书翟红获教学管理奖，实验人员孟亮获实践教学与管理先进工作者称号,http://cet.hzau.edu.cn/info/1020/1186.htm,2011-12-31
关于做好2011年高等学校青年骨干教师国内访问学者接受计划申报工作的通知,http://cet.hzau.edu.cn/info/1020/1185.htm,2011-11-11
工学院2011－2012学年度研究生干部公示,http://cet.hzau.edu.cn/info/1020/1183.htm,2011-09-16
关于做好第二批“青年特聘专家”申报工作的通知,http://cet.hzau.edu.cn/info/1020/1182.htm,2011-09-15
新进教师（博士）办理科研启动费相关要求,http://cet.hzau.edu.cn/info/1020/1181.htm,2011-08-29
转自人事处：华中农业大学关于开展二○一一年度专业技术职务评聘工作的通知,http://cet.hzau.edu.cn/info/1020/1179.htm,2011-07-13
关于申报华中农业大学新农村建设第一批研究课题的通知,http://cet.hzau.edu.cn/info/1020/1178.htm,2011-06-30
转自中国农业工程学会：关于中国农业工程学会2011年学术年会（CSAE 2011）的补充通知,http://cet.hzau.edu.cn/info/1020/1177.htm,2011-06-29
转自科技处：关于组织申报2011年湖北省研究与开发计划项目（第一批）的通知,http://cet.hzau.edu.cn/info/1020/1176.htm,2011-06-28
转自科技处：关于征集2012年科技基础性工作重大需求的通知,http://cet.hzau.edu.cn/info/1020/1222.htm,2011-06-28
转自科技处：关于组织申报2011年湖北省自然科学基金重点项目的通知,http://cet.hzau.edu.cn/info/1020/1221.htm,2011-06-20
转自科技处：关于组织申报2011年湖北省自然科学基金一般项目的通知,http://cet.hzau.edu.cn/info/1020/1220.htm,2011-06-20
转自科技处：关于组织申报2012年度武汉市青年科技晨光计划与学科带头人计划的通知,http://cet.hzau.edu.cn/info/1020/1219.htm,2011-06-08
关于组织申报武汉市2012年科技计划项目的通知,http://cet.hzau.edu.cn/info/1020/1217.htm,2011-06-01
中国农业工程学会2011年学术年会（CSAE 2011）第一轮通知,http://cet.hzau.edu.cn/info/1020/1216.htm,2011-05-23
华中农业大学职务聘任与晋升认定期刊目录,http://cet.hzau.edu.cn/info/1020/1215.htm,2011-05-12
华中农业大学专业技术职务申报资格的规定,http://cet.hzau.edu.cn/info/1020/1214.htm,2011-05-12
关于做好2011年度高等学校教学名师（即国家教学名师）和湖北名师奖推荐工作的通知,http://cet.hzau.edu.cn/info/1020/1213.htm,2011-05-12
华中农业大学工学院第二届《机械制图》大赛竞赛规程,http://cet.hzau.edu.cn/info/1020/1212.htm,2011-05-11
三一（中国）工程机械工业设计大赛参赛通知,http://cet.hzau.edu.cn/info/1020/1211.htm,2011-04-26
关于开展2011年度专任教师外语培训的通知,http://cet.hzau.edu.cn/info/1020/1210.htm,2011-04-19
关于申报2011-2012学年度教师培养计划的通知,http://cet.hzau.edu.cn/info/1020/1209.htm,2011-04-19
关于开展2011年青年骨干教师1：1配套资助出国研修项目选派工作的通知,http://cet.hzau.edu.cn/info/1020/1208.htm,2011-04-19
关于开展2011年高等学校教师资格认定工作的通知,http://cet.hzau.edu.cn/info/1020/1207.htm,2011-04-15
2011年工学院硕士研究生复试录取工作安排,http://cet.hzau.edu.cn/info/1020/1206.htm,2011-04-01
湖北省2011年资教生选派通知,http://cet.hzau.edu.cn/info/1020/1205.htm,2011-03-30
关于我校遴选2011年秋季学期赴台湾中兴大学交换生的通知,http://cet.hzau.edu.cn/info/1020/1204.htm,2011-03-23
关于召开2011年度国家自然科学基金申请动员暨辅导报告会的通知,http://cet.hzau.edu.cn/info/1020/1203.htm,2010-12-23
通知,http://cet.hzau.edu.cn/info/1020/1202.htm,2010-12-10
转自人事处：华中农业大学关于开展二○一一年度专业技术职务评聘工作的通知,http://cet.hzau.edu.cn/info/1020/1179.htm,2011-07-13
关于申报华中农业大学新农村建设第一批研究课题的通知,http://cet.hzau.edu.cn/info/1020/1178.htm,2011-06-30
转自中国农业工程学会：关于中国农业工程学会2011年学术年会（CSAE 2011）的补充通知,http://cet.hzau.edu.cn/info/1020/1177.htm,2011-06-29
转自科技处：关于组织申报2011年湖北省研究与开发计划项目（第一批）的通知,http://cet.hzau.edu.cn/info/1020/1176.htm,2011-06-28
转自科技处：关于征集2012年科技基础性工作重大需求的通知,http://cet.hzau.edu.cn/info/1020/1222.htm,2011-06-28
转自科技处：关于组织申报2011年湖北省自然科学基金重点项目的通知,http://cet.hzau.edu.cn/info/1020/1221.htm,2011-06-20
转自科技处：关于组织申报2011年湖北省自然科学基金一般项目的通知,http://cet.hzau.edu.cn/info/1020/1220.htm,2011-06-20
转自科技处：关于组织申报2012年度武汉市青年科技晨光计划与学科带头人计划的通知,http://cet.hzau.edu.cn/info/1020/1219.htm,2011-06-08
关于组织申报武汉市2012年科技计划项目的通知,http://cet.hzau.edu.cn/info/1020/1217.htm,2011-06-01
中国农业工程学会2011年学术年会（CSAE 2011）第一轮通知,http://cet.hzau.edu.cn/info/1020/1216.htm,2011-05-23
华中农业大学职务聘任与晋升认定期刊目录,http://cet.hzau.edu.cn/info/1020/1215.htm,2011-05-12
华中农业大学专业技术职务申报资格的规定,http://cet.hzau.edu.cn/info/1020/1214.htm,2011-05-12
关于做好2011年度高等学校教学名师（即国家教学名师）和湖北名师奖推荐工作的通知,http://cet.hzau.edu.cn/info/1020/1213.htm,2011-05-12
华中农业大学工学院第二届《机械制图》大赛竞赛规程,http://cet.hzau.edu.cn/info/1020/1212.htm,2011-05-11
三一（中国）工程机械工业设计大赛参赛通知,http://cet.hzau.edu.cn/info/1020/1211.htm,2011-04-26
关于开展2011年度专任教师外语培训的通知,http://cet.hzau.edu.cn/info/1020/1210.htm,2011-04-19
关于申报2011-2012学年度教师培养计划的通知,http://cet.hzau.edu.cn/info/1020/1209.htm,2011-04-19
关于开展2011年青年骨干教师1：1配套资助出国研修项目选派工作的通知,http://cet.hzau.edu.cn/info/1020/1208.htm,2011-04-19
关于开展2011年高等学校教师资格认定工作的通知,http://cet.hzau.edu.cn/info/1020/1207.htm,2011-04-15
2011年工学院硕士研究生复试录取工作安排,http://cet.hzau.edu.cn/info/1020/1206.htm,2011-04-01
湖北省2011年资教生选派通知,http://cet.hzau.edu.cn/info/1020/1205.htm,2011-03-30
关于我校遴选2011年秋季学期赴台湾中兴大学交换生的通知,http://cet.hzau.edu.cn/info/1020/1204.htm,2011-03-23
关于召开2011年度国家自然科学基金申请动员暨辅导报告会的通知,http://cet.hzau.edu.cn/info/1020/1203.htm,2010-12-23
通知,http://cet.hzau.edu.cn/info/1020/1202.htm,2010-12-10
关于集中办理住房货币补贴支取手续的通知,http://cet.hzau.edu.cn/info/1020/1201.htm,2010-12-08
